player,team,opponent,stat,book_line,player_avg,last5_avg,projected_value,vs_book_edge,recommendation,hit_rate,cv,composite_score,confidence,over_odds,under_odds,game_date,game_spread,game_total,model_mean,p_over,p_under,p_push,q10,q25,q50,q75,q90,distribution_method,model_version,projected_minutes,opportunity_rate,outcome_rate,opportunity_component,conversion_component,profile_confidence,evidence_json,selected_probability,market_no_vig_probability,probability_edge_pp,expected_roi,selected_odds
Angel Reese,ATL,WSH,REB,12.5,11.955555555555556,9.6,10.3,-17.6,UNDER,60.0,0.313,79.2,HIGH,-125,-106,2026-09-30,3.5,165.5,10.267654320987655,0.1758,0.8242,0.0,7.0,8.0,10.0,11.0,14.0,deterministic_empirical_minutes_x_rate,wnba_empirical_minutes_rates_v2,28.302,,0.3744,unavailable_no_direct_evidence,unavailable_no_direct_evidence,HIGH,"{""applied_matchup_factor"": 0.9563, ""bounded_matchup_factor"": 0.951, ""conversion_component"": {""reason"": ""no tracking-derived opportunities"", ""status"": ""unavailable_no_direct_evidence""}, ""matchup_sample"": 165, ""matchup_source"": ""position_dvp"", ""model_mean_definition"": ""mean of discrete empirical scenarios"", ""opportunity_component"": {""reason"": ""no tracking-derived opportunities"", ""status"": ""unavailable_no_direct_evidence""}, ""outcome_per_minute_is_box_score_derived"": true, ""playoff_games"": 1, ""playoff_weight_applied"": false, ""pregame_cutoff"": ""2026-09-30"", ""raw_matchup_factor"": 0.951, ""role_risk"": {""market_selected_side_probability"": 0.4808467741935484, ""prior_5_minutes"": 32.4, ""reasons"": [], ""recent_3_minutes"": 27.0, ""review_required"": false, ""role_verified"": false}, ""sample_games"": 45, ""shrinkage_weight"": 0.8919, ""slate_season_type"": ""PLAYOFF"", ""source"": ""wnba_player_game_logs""}",0.8242,0.4808467741935484,34.33532258064517,0.6017471698113208,-106.0
Caitlin Clark,IND,LV,AST,9.5,8.44186046511628,8.4,7.7,-18.9,UNDER,63.0,0.318,77.3,HIGH,106,-140,2026-10-01,-3.5,180.5,7.696592752839373,0.1752,0.8248,0.0,5.0,6.0,7.0,9.0,11.0,deterministic_empirical_minutes_x_rate,wnba_empirical_minutes_rates_v2,30.64,,0.26944,unavailable_no_direct_evidence,unavailable_no_direct_evidence,HIGH,"{""applied_matchup_factor"": 0.9291, ""bounded_matchup_factor"": 0.923, ""conversion_component"": {""reason"": ""no tracking-derived opportunities"", ""status"": ""unavailable_no_direct_evidence""}, ""matchup_sample"": 232, ""matchup_source"": ""position_dvp"", ""model_mean_definition"": ""mean of discrete empirical scenarios"", ""opportunity_component"": {""reason"": ""no tracking-derived opportunities"", ""status"": ""unavailable_no_direct_evidence""}, ""outcome_per_minute_is_box_score_derived"": true, ""playoff_games"": 2, ""playoff_weight_applied"": false, ""pregame_cutoff"": ""2026-10-01"", ""raw_matchup_factor"": 0.923, ""role_risk"": {""market_selected_side_probability"": 0.5457986373959123, ""prior_5_minutes"": 33.4, ""reasons"": [], ""recent_3_minutes"": 28.33, ""review_required"": false, ""role_verified"": false}, ""sample_games"": 43, ""shrinkage_weight"": 0.9206, ""slate_season_type"": ""PLAYOFF"", ""source"": ""wnba_player_game_logs""}",0.8248,0.5457986373959123,27.90013626040877,0.41394285714285717,-140.0
Aliyah Boston,IND,LV,REB,7.5,7.6976744186046515,5.6,5.7,-24.0,UNDER,49.0,0.418,75.7,LOW,-152,114,2026-10-01,-3.5,180.5,5.694970254191455,0.2055,0.7945,0.0,3.0,4.0,5.0,7.0,9.0,deterministic_empirical_minutes_x_rate,wnba_empirical_minutes_rates_v2,24.682,,0.2625,unavailable_no_direct_evidence,unavailable_no_direct_evidence,HIGH,"{""applied_matchup_factor"": 0.8989, ""bounded_matchup_factor"": 0.8646, ""conversion_component"": {""reason"": ""no tracking-derived opportunities"", ""status"": ""unavailable_no_direct_evidence""}, ""matchup_sample"": 59, ""matchup_source"": ""position_dvp"", ""model_mean_definition"": ""mean of discrete empirical scenarios"", ""opportunity_component"": {""reason"": ""no tracking-derived opportunities"", ""status"": ""unavailable_no_direct_evidence""}, ""outcome_per_minute_is_box_score_derived"": true, ""playoff_games"": 2, ""playoff_weight_applied"": false, ""pregame_cutoff"": ""2026-10-01"", ""raw_matchup_factor"": 0.8646, ""role_risk"": {""market_selected_side_probability"": 0.43652993348115304, ""prior_5_minutes"": 26.4, ""reasons"": [], ""recent_3_minutes"": 22.67, ""review_required"": false, ""role_verified"": false}, ""sample_games"": 43, ""shrinkage_weight"": 0.7468, ""slate_season_type"": ""PLAYOFF"", ""source"": ""wnba_player_game_logs""}",0.7945,0.43652993348115304,35.79700665188469,0.7002299999999999,114.0
Jordin Canada,ATL,WSH,REB,3.5,3.5,2.0,2.3,-34.3,UNDER,57.0,0.556,72.0,MEDIUM,130,-174,2026-09-30,3.5,165.5,2.2923553719008263,0.1043,0.8957,0.0,1.0,2.0,2.0,3.0,4.0,deterministic_empirical_minutes_x_rate,wnba_empirical_minutes_rates_v2,29.78,,0.0832,unavailable_no_direct_evidence,unavailable_no_direct_evidence,HIGH,"{""applied_matchup_factor"": 0.8431, ""bounded_matchup_factor"": 0.8286, ""conversion_component"": {""reason"": ""no tracking-derived opportunities"", ""status"": ""unavailable_no_direct_evidence""}, ""matchup_sample"": 217, ""matchup_source"": ""position_dvp"", ""model_mean_definition"": ""mean of discrete empirical scenarios"", ""opportunity_component"": {""reason"": ""no tracking-derived opportunities"", ""status"": ""unavailable_no_direct_evidence""}, ""outcome_per_minute_is_box_score_derived"": true, ""playoff_games"": 1, ""playoff_weight_applied"": false, ""pregame_cutoff"": ""2026-09-30"", ""raw_matchup_factor"": 0.8286, ""role_risk"": {""market_selected_side_probability"": 0.5935924058142985, ""prior_5_minutes"": 30.2, ""reasons"": [], ""recent_3_minutes"": 32.0, ""review_required"": false, ""role_verified"": false}, ""sample_games"": 44, ""shrinkage_weight"": 0.9156, ""slate_season_type"": ""PLAYOFF"", ""source"": ""wnba_player_game_logs""}",0.8957,0.5935924058142985,30.210759418570156,0.4104701149425288,-174.0
Lauren Betts,WSH,ATL,PTS,4.5,6.333333333333333,6.2,6.4,42.2,OVER,69.0,0.52,68.7,HIGH,-102,-128,2026-09-30,3.5,165.5,6.435555555555555,0.6879,0.3121,0.0,3.0,4.0,6.0,8.0,11.0,deterministic_empirical_minutes_x_rate,wnba_empirical_minutes_rates_v2,21.262,,0.30228,unavailable_no_direct_evidence,unavailable_no_direct_evidence,HIGH,"{""applied_matchup_factor"": 1.0044, ""bounded_matchup_factor"": 1.0059, ""conversion_component"": {""reason"": ""no tracking-derived opportunities"", ""status"": ""unavailable_no_direct_evidence""}, ""matchup_sample"": 60, ""matchup_source"": ""position_dvp"", ""model_mean_definition"": ""mean of discrete empirical scenarios"", ""opportunity_component"": {""reason"": ""no tracking-derived opportunities"", ""status"": ""unavailable_no_direct_evidence""}, ""outcome_per_minute_is_box_score_derived"": true, ""playoff_games"": 1, ""playoff_weight_applied"": false, ""pregame_cutoff"": ""2026-09-30"", ""raw_matchup_factor"": 1.0059, ""role_risk"": {""market_selected_side_probability"": 0.4735298908617039, ""prior_5_minutes"": 21.8, ""reasons"": [], ""recent_3_minutes"": 23.33, ""review_required"": false, ""role_verified"": false}, ""sample_games"": 45, ""shrinkage_weight"": 0.75, ""slate_season_type"": ""PLAYOFF"", ""source"": ""wnba_player_game_logs""}",0.6879,0.4735298908617039,21.437010913829607,0.3623117647058823,-102.0
Kelsey Mitchell,IND,LV,PTS,24.5,24.51063829787234,18.0,20.4,-16.7,UNDER,45.0,0.252,67.9,LOW,-118,-110,2026-10-01,-3.5,180.5,20.416025350837483,0.2345,0.7655,0.0,13.0,16.0,20.0,24.0,29.0,deterministic_empirical_minutes_x_rate,wnba_empirical_minutes_rates_v2,30.662,,0.66551,unavailable_no_direct_evidence,unavailable_no_direct_evidence,HIGH,"{""applied_matchup_factor"": 1.0039, ""bounded_matchup_factor"": 1.0042, ""conversion_component"": {""reason"": ""no tracking-derived opportunities"", ""status"": ""unavailable_no_direct_evidence""}, ""matchup_sample"": 232, ""matchup_source"": ""position_dvp"", ""model_mean_definition"": ""mean of discrete empirical scenarios"", ""opportunity_component"": {""reason"": ""no tracking-derived opportunities"", ""status"": ""unavailable_no_direct_evidence""}, ""outcome_per_minute_is_box_score_derived"": true, ""playoff_games"": 2, ""playoff_weight_applied"": false, ""pregame_cutoff"": ""2026-10-01"", ""raw_matchup_factor"": 1.0042, ""role_risk"": {""market_selected_side_probability"": 0.49179655455291227, ""prior_5_minutes"": 32.2, ""reasons"": [], ""recent_3_minutes"": 28.67, ""review_required"": false, ""role_verified"": false}, ""sample_games"": 47, ""shrinkage_weight"": 0.9206, ""slate_season_type"": ""PLAYOFF"", ""source"": ""wnba_player_game_logs""}",0.7655,0.49179655455291227,27.370344544708768,0.4614090909090908,-110.0
Sophie Cunningham,IND,LV,REB,2.5,2.2222222222222223,1.4,1.7,-32.0,UNDER,73.0,0.796,66.9,LOW,106,-140,2026-10-01,-3.5,180.5,1.6661728395061728,0.2123,0.7877,0.0,0.0,1.0,1.0,2.0,4.0,deterministic_empirical_minutes_x_rate,wnba_empirical_minutes_rates_v2,21.449,,0.07696,unavailable_no_direct_evidence,unavailable_no_direct_evidence,HIGH,"{""applied_matchup_factor"": 0.9915, ""bounded_matchup_factor"": 0.9907, ""conversion_component"": {""reason"": ""no tracking-derived opportunities"", ""status"": ""unavailable_no_direct_evidence""}, ""matchup_sample"": 232, ""matchup_source"": ""position_dvp"", ""model_mean_definition"": ""mean of discrete empirical scenarios"", ""opportunity_component"": {""reason"": ""no tracking-derived opportunities"", ""status"": ""unavailable_no_direct_evidence""}, ""outcome_per_minute_is_box_score_derived"": true, ""playoff_games"": 2, ""playoff_weight_applied"": false, ""pregame_cutoff"": ""2026-10-01"", ""raw_matchup_factor"": 0.9907, ""role_risk"": {""market_selected_side_probability"": 0.5457986373959123, ""prior_5_minutes"": 16.2, ""reasons"": [""recent_minutes_shift""], ""recent_3_minutes"": 22.67, ""review_required"": true, ""role_verified"": false}, ""sample_games"": 45, ""shrinkage_weight"": 0.9206, ""slate_season_type"": ""PLAYOFF"", ""source"": ""wnba_player_game_logs""}",0.7877,0.5457986373959123,24.190136260408767,0.3503428571428571,-140.0
Kelsey Mitchell,IND,LV,3PM,3.5,3.0638297872340425,2.2,2.6,-25.7,UNDER,68.0,0.497,65.2,HIGH,130,-174,2026-10-01,-3.5,180.5,2.5676776822091445,0.1974,0.8026,0.0,1.0,2.0,2.0,3.0,5.0,deterministic_empirical_minutes_x_rate,wnba_empirical_minutes_rates_v2,30.662,,0.08318,unavailable_no_direct_evidence,unavailable_no_direct_evidence,HIGH,"{""applied_matchup_factor"": 0.9923, ""bounded_matchup_factor"": 0.9916, ""conversion_component"": {""reason"": ""no tracking-derived opportunities"", ""status"": ""unavailable_no_direct_evidence""}, ""matchup_sample"": 232, ""matchup_source"": ""position_dvp"", ""model_mean_definition"": ""mean of discrete empirical scenarios"", ""opportunity_component"": {""reason"": ""no tracking-derived opportunities"", ""status"": ""unavailable_no_direct_evidence""}, ""outcome_per_minute_is_box_score_derived"": true, ""playoff_games"": 2, ""playoff_weight_applied"": false, ""pregame_cutoff"": ""2026-10-01"", ""raw_matchup_factor"": 0.9916, ""role_risk"": {""market_selected_side_probability"": 0.5935924058142985, ""prior_5_minutes"": 32.2, ""reasons"": [], ""recent_3_minutes"": 28.67, ""review_required"": false, ""role_verified"": false}, ""sample_games"": 47, ""shrinkage_weight"": 0.9206, ""slate_season_type"": ""PLAYOFF"", ""source"": ""wnba_player_game_logs""}",0.8026,0.5935924058142985,20.900759418570146,0.2638643678160919,-174.0
Naz Hillmon,ATL,WSH,REB,3.5,4.5227272727272725,4.0,4.3,22.9,OVER,66.0,0.443,63.8,HIGH,110,-146,2026-09-30,3.5,165.5,4.341942148760331,0.6457,0.3543,0.0,2.0,3.0,4.0,6.0,7.0,deterministic_empirical_minutes_x_rate,wnba_empirical_minutes_rates_v2,24.876,,0.17464,unavailable_no_direct_evidence,unavailable_no_direct_evidence,HIGH,"{""applied_matchup_factor"": 0.9563, ""bounded_matchup_factor"": 0.951, ""conversion_component"": {""reason"": ""no tracking-derived opportunities"", ""status"": ""unavailable_no_direct_evidence""}, ""matchup_sample"": 165, ""matchup_source"": ""position_dvp"", ""model_mean_definition"": ""mean of discrete empirical scenarios"", ""opportunity_component"": {""reason"": ""no tracking-derived opportunities"", ""status"": ""unavailable_no_direct_evidence""}, ""outcome_per_minute_is_box_score_derived"": true, ""playoff_games"": 1, ""playoff_weight_applied"": false, ""pregame_cutoff"": ""2026-09-30"", ""raw_matchup_factor"": 0.951, ""role_risk"": {""market_selected_side_probability"": 0.4451682953311618, ""prior_5_minutes"": 27.8, ""reasons"": [], ""recent_3_minutes"": 23.67, ""review_required"": false, ""role_verified"": false}, ""sample_games"": 44, ""shrinkage_weight"": 0.8919, ""slate_season_type"": ""PLAYOFF"", ""source"": ""wnba_player_game_logs""}",0.6457,0.4451682953311618,20.053170466883824,0.35597000000000006,110.0
Jackie Young,LV,IND,AST,6.5,6.76595744680851,9.0,8.1,24.6,OVER,51.0,0.396,63.4,LOW,102,-136,2026-10-01,-3.5,180.5,8.102761430511544,0.6605,0.3395,0.0,4.0,6.0,8.0,10.0,12.0,deterministic_empirical_minutes_x_rate,wnba_empirical_minutes_rates_v2,33.08,,0.24524,unavailable_no_direct_evidence,unavailable_no_direct_evidence,HIGH,"{""applied_matchup_factor"": 1.0037, ""bounded_matchup_factor"": 1.004, ""conversion_component"": {""reason"": ""no tracking-derived opportunities"", ""status"": ""unavailable_no_direct_evidence""}, ""matchup_sample"": 220, ""matchup_source"": ""position_dvp"", ""model_mean_definition"": ""mean of discrete empirical scenarios"", ""opportunity_component"": {""reason"": ""no tracking-derived opportunities"", ""status"": ""unavailable_no_direct_evidence""}, ""outcome_per_minute_is_box_score_derived"": true, ""playoff_games"": 2, ""playoff_weight_applied"": false, ""pregame_cutoff"": ""2026-10-01"", ""raw_matchup_factor"": 1.004, ""role_risk"": {""market_selected_side_probability"": 0.46209273182957394, ""prior_5_minutes"": 30.8, ""reasons"": [], ""recent_3_minutes"": 34.67, ""review_required"": false, ""role_verified"": false}, ""sample_games"": 47, ""shrinkage_weight"": 0.9167, ""slate_season_type"": ""PLAYOFF"", ""source"": ""wnba_player_game_logs""}",0.6605,0.46209273182957394,19.840726817042604,0.33421,102.0
Kiki Iriafen,WSH,ATL,PTS,16.5,15.13953488372093,14.8,13.7,-17.0,UNDER,58.0,0.405,62.9,MEDIUM,-110,-118,2026-09-30,3.5,165.5,13.746349378042185,0.3142,0.6858,0.0,7.0,10.0,13.0,18.0,21.0,deterministic_empirical_minutes_x_rate,wnba_empirical_minutes_rates_v2,26.098,,0.55955,unavailable_no_direct_evidence,unavailable_no_direct_evidence,HIGH,"{""applied_matchup_factor"": 0.9442, ""bounded_matchup_factor"": 0.9374, ""conversion_component"": {""reason"": ""no tracking-derived opportunities"", ""status"": ""unavailable_no_direct_evidence""}, ""matchup_sample"": 165, ""matchup_source"": ""position_dvp"", ""model_mean_definition"": ""mean of discrete empirical scenarios"", ""opportunity_component"": {""reason"": ""no tracking-derived opportunities"", ""status"": ""unavailable_no_direct_evidence""}, ""outcome_per_minute_is_box_score_derived"": true, ""playoff_games"": 1, ""playoff_weight_applied"": false, ""pregame_cutoff"": ""2026-09-30"", ""raw_matchup_factor"": 0.9374, ""role_risk"": {""market_selected_side_probability"": 0.5082034454470877, ""prior_5_minutes"": 28.2, ""reasons"": [], ""recent_3_minutes"": 24.33, ""review_required"": false, ""role_verified"": false}, ""sample_games"": 43, ""shrinkage_weight"": 0.8919, ""slate_season_type"": ""PLAYOFF"", ""source"": ""wnba_player_game_logs""}",0.6858,0.5082034454470877,17.759655455291224,0.2669864406779661,-118.0
Maddy Siegrist,DAL,GS,REB,3.5,2.6904761904761907,2.4,2.4,-31.4,UNDER,71.0,0.794,62.2,MEDIUM,112,-148,2026-09-30,4.5,156.5,2.4070294784580497,0.2302,0.7698,0.0,0.0,1.0,2.0,3.0,5.0,deterministic_empirical_minutes_x_rate,wnba_empirical_minutes_rates_v2,18.221,,0.13187,unavailable_no_direct_evidence,unavailable_no_direct_evidence,HIGH,"{""applied_matchup_factor"": 0.9879, ""bounded_matchup_factor"": 0.9864, ""conversion_component"": {""reason"": ""no tracking-derived opportunities"", ""status"": ""unavailable_no_direct_evidence""}, ""matchup_sample"": 161, ""matchup_source"": ""position_dvp"", ""model_mean_definition"": ""mean of discrete empirical scenarios"", ""opportunity_component"": {""reason"": ""no tracking-derived opportunities"", ""status"": ""unavailable_no_direct_evidence""}, ""outcome_per_minute_is_box_score_derived"": true, ""playoff_games"": 1, ""playoff_weight_applied"": false, ""pregame_cutoff"": ""2026-09-30"", ""raw_matchup_factor"": 0.9864, ""role_risk"": {""market_selected_side_probability"": 0.5585303332383936, ""prior_5_minutes"": 18.2, ""reasons"": [], ""recent_3_minutes"": 22.67, ""review_required"": false, ""role_verified"": false}, ""sample_games"": 42, ""shrinkage_weight"": 0.8895, ""slate_season_type"": ""PLAYOFF"", ""source"": ""wnba_player_game_logs""}",0.7698,0.5585303332383936,21.12696667616064,0.28993513513513514,-148.0
Veronica Burton,GS,DAL,AST,6.5,5.711111111111111,5.0,5.3,-18.5,UNDER,62.0,0.463,62.0,HIGH,112,-148,2026-09-30,4.5,156.5,5.281481481481482,0.2701,0.7299,0.0,2.0,3.0,5.0,7.0,9.0,deterministic_empirical_minutes_x_rate,wnba_empirical_minutes_rates_v2,28.658,,0.18423,unavailable_no_direct_evidence,unavailable_no_direct_evidence,HIGH,"{""applied_matchup_factor"": 0.9973, ""bounded_matchup_factor"": 0.9971, ""conversion_component"": {""reason"": ""no tracking-derived opportunities"", ""status"": ""unavailable_no_direct_evidence""}, ""matchup_sample"": 211, ""matchup_source"": ""position_dvp"", ""model_mean_definition"": ""mean of discrete empirical scenarios"", ""opportunity_component"": {""reason"": ""no tracking-derived opportunities"", ""status"": ""unavailable_no_direct_evidence""}, ""outcome_per_minute_is_box_score_derived"": true, ""playoff_games"": 1, ""playoff_weight_applied"": false, ""pregame_cutoff"": ""2026-09-30"", ""raw_matchup_factor"": 0.9971, ""role_risk"": {""market_selected_side_probability"": 0.5585303332383936, ""prior_5_minutes"": 26.4, ""reasons"": [], ""recent_3_minutes"": 29.33, ""review_required"": false, ""role_verified"": false}, ""sample_games"": 45, ""shrinkage_weight"": 0.9134, ""slate_season_type"": ""PLAYOFF"", ""source"": ""wnba_player_game_logs""}",0.7299,0.5585303332383936,17.136966676160636,0.22307567567567566,-148.0
Veronica Burton,GS,DAL,PTS,12.5,12.133333333333333,10.6,11.2,-10.4,UNDER,58.0,0.426,59.0,MEDIUM,-115,-113,2026-09-30,4.5,156.5,11.169876543209876,0.3491,0.6509,0.0,5.0,8.0,11.0,14.0,18.0,deterministic_empirical_minutes_x_rate,wnba_empirical_minutes_rates_v2,28.658,,0.39027,unavailable_no_direct_evidence,unavailable_no_direct_evidence,HIGH,"{""applied_matchup_factor"": 0.9967, ""bounded_matchup_factor"": 0.9964, ""conversion_component"": {""reason"": ""no tracking-derived opportunities"", ""status"": ""unavailable_no_direct_evidence""}, ""matchup_sample"": 211, ""matchup_source"": ""position_dvp"", ""model_mean_definition"": ""mean of discrete empirical scenarios"", ""opportunity_component"": {""reason"": ""no tracking-derived opportunities"", ""status"": ""unavailable_no_direct_evidence""}, ""outcome_per_minute_is_box_score_derived"": true, ""playoff_games"": 1, ""playoff_weight_applied"": false, ""pregame_cutoff"": ""2026-09-30"", ""raw_matchup_factor"": 0.9964, ""role_risk"": {""market_selected_side_probability"": 0.49795039967206395, ""prior_5_minutes"": 26.4, ""reasons"": [], ""recent_3_minutes"": 29.33, ""review_required"": false, ""role_verified"": false}, ""sample_games"": 45, ""shrinkage_weight"": 0.9134, ""slate_season_type"": ""PLAYOFF"", ""source"": ""wnba_player_game_logs""}",0.6509,0.49795039967206395,15.29496003279361,0.22691769911504428,-113.0
Naz Hillmon,ATL,WSH,PTS,5.5,8.977272727272727,7.8,7.5,36.4,OVER,73.0,0.596,58.6,HIGH,100,-130,2026-09-30,3.5,165.5,7.492252066115703,0.6415,0.3585,0.0,3.0,5.0,6.0,10.0,13.0,deterministic_empirical_minutes_x_rate,wnba_empirical_minutes_rates_v2,24.876,,0.32459,unavailable_no_direct_evidence,unavailable_no_direct_evidence,HIGH,"{""applied_matchup_factor"": 0.92, ""bounded_matchup_factor"": 0.9103, ""conversion_component"": {""reason"": ""no tracking-derived opportunities"", ""status"": ""unavailable_no_direct_evidence""}, ""matchup_sample"": 165, ""matchup_source"": ""position_dvp"", ""model_mean_definition"": ""mean of discrete empirical scenarios"", ""opportunity_component"": {""reason"": ""no tracking-derived opportunities"", ""status"": ""unavailable_no_direct_evidence""}, ""outcome_per_minute_is_box_score_derived"": true, ""playoff_games"": 1, ""playoff_weight_applied"": false, ""pregame_cutoff"": ""2026-09-30"", ""raw_matchup_factor"": 0.9103, ""role_risk"": {""market_selected_side_probability"": 0.4693877551020409, ""prior_5_minutes"": 27.8, ""reasons"": [], ""recent_3_minutes"": 23.67, ""review_required"": false, ""role_verified"": false}, ""sample_games"": 44, ""shrinkage_weight"": 0.8919, ""slate_season_type"": ""PLAYOFF"", ""source"": ""wnba_player_game_logs""}",0.6415,0.4693877551020409,17.211224489795907,0.283,100.0
Rhyne Howard,ATL,WSH,3PM,3.5,3.066666666666667,1.6,2.3,-34.3,UNDER,58.0,0.592,58.2,MEDIUM,130,-174,2026-09-30,3.5,165.5,2.2844444444444445,0.2064,0.7936,0.0,1.0,1.0,2.0,3.0,4.0,deterministic_empirical_minutes_x_rate,wnba_empirical_minutes_rates_v2,33.187,,0.06858,unavailable_no_direct_evidence,unavailable_no_direct_evidence,HIGH,"{""applied_matchup_factor"": 0.9573, ""bounded_matchup_factor"": 0.9533, ""conversion_component"": {""reason"": ""no tracking-derived opportunities"", ""status"": ""unavailable_no_direct_evidence""}, ""matchup_sample"": 217, ""matchup_source"": ""position_dvp"", ""model_mean_definition"": ""mean of discrete empirical scenarios"", ""opportunity_component"": {""reason"": ""no tracking-derived opportunities"", ""status"": ""unavailable_no_direct_evidence""}, ""outcome_per_minute_is_box_score_derived"": true, ""playoff_games"": 1, ""playoff_weight_applied"": false, ""pregame_cutoff"": ""2026-09-30"", ""raw_matchup_factor"": 0.9533, ""role_risk"": {""market_selected_side_probability"": 0.5935924058142985, ""prior_5_minutes"": 31.2, ""reasons"": [], ""recent_3_minutes"": 37.0, ""review_required"": false, ""role_verified"": false}, ""sample_games"": 45, ""shrinkage_weight"": 0.9156, ""slate_season_type"": ""PLAYOFF"", ""source"": ""wnba_player_game_logs""}",0.7936,0.5935924058142985,20.000759418570148,0.24969195402298847,-174.0
Cheyenne Parker-Tyus,LV,IND,REB,2.5,3.0,2.4,2.4,-4.0,UNDER,59.0,0.884,58.2,LOW,-182,136,2026-10-01,-3.5,180.5,2.4420415224913494,0.3737,0.6263,0.0,0.0,1.0,2.0,4.0,6.0,deterministic_empirical_minutes_x_rate,wnba_empirical_minutes_rates_v2,13.431,,0.18196,unavailable_no_direct_evidence,unavailable_no_direct_evidence,HIGH,"{""applied_matchup_factor"": 0.9549, ""bounded_matchup_factor"": 0.9495, ""conversion_component"": {""reason"": ""no tracking-derived opportunities"", ""status"": ""unavailable_no_direct_evidence""}, ""matchup_sample"": 168, ""matchup_source"": ""position_dvp"", ""model_mean_definition"": ""mean of discrete empirical scenarios"", ""opportunity_component"": {""reason"": ""no tracking-derived opportunities"", ""status"": ""unavailable_no_direct_evidence""}, ""outcome_per_minute_is_box_score_derived"": true, ""playoff_games"": 2, ""playoff_weight_applied"": false, ""pregame_cutoff"": ""2026-10-01"", ""raw_matchup_factor"": 0.9495, ""role_risk"": {""market_selected_side_probability"": 0.39633460760062966, ""prior_5_minutes"": 15.0, ""reasons"": [], ""recent_3_minutes"": 13.67, ""review_required"": false, ""role_verified"": false}, ""sample_games"": 34, ""shrinkage_weight"": 0.8936, ""slate_season_type"": ""PLAYOFF"", ""source"": ""wnba_player_game_logs""}",0.6263,0.39633460760062966,22.99653923993703,0.478068,136.0
Caitlin Clark,IND,LV,PTS,22.5,22.093023255813954,19.2,19.4,-13.8,UNDER,51.0,0.38,57.3,LOW,-128,-102,2026-10-01,-3.5,180.5,19.422931314223906,0.324,0.676,0.0,9.0,15.0,19.0,24.0,28.0,deterministic_empirical_minutes_x_rate,wnba_empirical_minutes_rates_v2,30.64,,0.63376,unavailable_no_direct_evidence,unavailable_no_direct_evidence,HIGH,"{""applied_matchup_factor"": 1.0039, ""bounded_matchup_factor"": 1.0042, ""conversion_component"": {""reason"": ""no tracking-derived opportunities"", ""status"": ""unavailable_no_direct_evidence""}, ""matchup_sample"": 232, ""matchup_source"": ""position_dvp"", ""model_mean_definition"": ""mean of discrete empirical scenarios"", ""opportunity_component"": {""reason"": ""no tracking-derived opportunities"", ""status"": ""unavailable_no_direct_evidence""}, ""outcome_per_minute_is_box_score_derived"": true, ""playoff_games"": 2, ""playoff_weight_applied"": false, ""pregame_cutoff"": ""2026-10-01"", ""raw_matchup_factor"": 1.0042, ""role_risk"": {""market_selected_side_probability"": 0.4735298908617039, ""prior_5_minutes"": 33.4, ""reasons"": [], ""recent_3_minutes"": 28.33, ""review_required"": false, ""role_verified"": false}, ""sample_games"": 43, ""shrinkage_weight"": 0.9206, ""slate_season_type"": ""PLAYOFF"", ""source"": ""wnba_player_game_logs""}",0.676,0.4735298908617039,20.247010913829616,0.33874509803921565,-102.0
Awak Kuier,DAL,GS,REB,5.5,3.9047619047619047,4.6,4.4,-20.0,UNDER,76.0,0.735,54.8,MEDIUM,114,-152,2026-09-30,4.5,156.5,4.351473922902494,0.3044,0.6956,0.0,1.0,2.0,4.0,6.0,8.0,deterministic_empirical_minutes_x_rate,wnba_empirical_minutes_rates_v2,22.688,,0.1921,unavailable_no_direct_evidence,unavailable_no_direct_evidence,HIGH,"{""applied_matchup_factor"": 0.9879, ""bounded_matchup_factor"": 0.9864, ""conversion_component"": {""reason"": ""no tracking-derived opportunities"", ""status"": ""unavailable_no_direct_evidence""}, ""matchup_sample"": 161, ""matchup_source"": ""position_dvp"", ""model_mean_definition"": ""mean of discrete empirical scenarios"", ""opportunity_component"": {""reason"": ""no tracking-derived opportunities"", ""status"": ""unavailable_no_direct_evidence""}, ""outcome_per_minute_is_box_score_derived"": true, ""playoff_games"": 1, ""playoff_weight_applied"": false, ""pregame_cutoff"": ""2026-09-30"", ""raw_matchup_factor"": 0.9864, ""role_risk"": {""market_selected_side_probability"": 0.563470066518847, ""prior_5_minutes"": 25.8, ""reasons"": [], ""recent_3_minutes"": 26.0, ""review_required"": false, ""role_verified"": false}, ""sample_games"": 42, ""shrinkage_weight"": 0.8895, ""slate_season_type"": ""PLAYOFF"", ""source"": ""wnba_player_game_logs""}",0.6956,0.563470066518847,13.212993348115297,0.15323157894736844,-152.0
DeWanna Bonner,ATL,WSH,REB,4.5,5.953488372093023,5.4,5.9,31.1,OVER,65.0,0.466,54.7,HIGH,-136,102,2026-09-30,3.5,165.5,5.873985938345052,0.6777,0.3223,0.0,2.0,4.0,6.0,8.0,9.0,deterministic_empirical_minutes_x_rate,wnba_empirical_minutes_rates_v2,23.75,,0.24826,unavailable_no_direct_evidence,unavailable_no_direct_evidence,HIGH,"{""applied_matchup_factor"": 0.9563, ""bounded_matchup_factor"": 0.951, ""conversion_component"": {""reason"": ""no tracking-derived opportunities"", ""status"": ""unavailable_no_direct_evidence""}, ""matchup_sample"": 165, ""matchup_source"": ""position_dvp"", ""model_mean_definition"": ""mean of discrete empirical scenarios"", ""opportunity_component"": {""reason"": ""no tracking-derived opportunities"", ""status"": ""unavailable_no_direct_evidence""}, ""outcome_per_minute_is_box_score_derived"": true, ""playoff_games"": 1, ""playoff_weight_applied"": false, ""pregame_cutoff"": ""2026-09-30"", ""raw_matchup_factor"": 0.951, ""role_risk"": {""market_selected_side_probability"": 0.5379072681704261, ""prior_5_minutes"": 22.4, ""reasons"": [], ""recent_3_minutes"": 25.67, ""review_required"": false, ""role_verified"": false}, ""sample_games"": 43, ""shrinkage_weight"": 0.8919, ""slate_season_type"": ""PLAYOFF"", ""source"": ""wnba_player_game_logs""}",0.6777,0.5379072681704261,13.979273182957385,0.17600882352941183,-136.0
Aliyah Boston,IND,LV,PTS,15.5,15.930232558139535,13.6,13.9,-10.3,UNDER,47.0,0.393,54.6,LOW,-130,100,2026-10-01,-3.5,180.5,13.855056787452677,0.358,0.642,0.0,6.0,10.0,13.0,18.0,22.0,deterministic_empirical_minutes_x_rate,wnba_empirical_minutes_rates_v2,24.682,,0.56143,unavailable_no_direct_evidence,unavailable_no_direct_evidence,HIGH,"{""applied_matchup_factor"": 1.0068, ""bounded_matchup_factor"": 1.009, ""conversion_component"": {""reason"": ""no tracking-derived opportunities"", ""status"": ""unavailable_no_direct_evidence""}, ""matchup_sample"": 59, ""matchup_source"": ""position_dvp"", ""model_mean_definition"": ""mean of discrete empirical scenarios"", ""opportunity_component"": {""reason"": ""no tracking-derived opportunities"", ""status"": ""unavailable_no_direct_evidence""}, ""outcome_per_minute_is_box_score_derived"": true, ""playoff_games"": 2, ""playoff_weight_applied"": false, ""pregame_cutoff"": ""2026-10-01"", ""raw_matchup_factor"": 1.009, ""role_risk"": {""market_selected_side_probability"": 0.4693877551020409, ""prior_5_minutes"": 26.4, ""reasons"": [], ""recent_3_minutes"": 22.67, ""review_required"": false, ""role_verified"": false}, ""sample_games"": 43, ""shrinkage_weight"": 0.7468, ""slate_season_type"": ""PLAYOFF"", ""source"": ""wnba_player_game_logs""}",0.642,0.4693877551020409,17.26122448979591,0.28400000000000003,100.0
Gabby Williams,GS,DAL,PTS,17.5,14.585365853658537,15.2,15.2,-13.1,UNDER,63.0,0.43,54.5,LOW,-114,-114,2026-09-30,4.5,156.5,15.245092207019631,0.3635,0.6365,0.0,6.0,10.0,15.0,20.0,24.0,deterministic_empirical_minutes_x_rate,wnba_empirical_minutes_rates_v2,25.269,,0.60312,unavailable_no_direct_evidence,unavailable_no_direct_evidence,HIGH,"{""applied_matchup_factor"": 1.0008, ""bounded_matchup_factor"": 1.0008, ""conversion_component"": {""reason"": ""no tracking-derived opportunities"", ""status"": ""unavailable_no_direct_evidence""}, ""matchup_sample"": 160, ""matchup_source"": ""position_dvp"", ""model_mean_definition"": ""mean of discrete empirical scenarios"", ""opportunity_component"": {""reason"": ""no tracking-derived opportunities"", ""status"": ""unavailable_no_direct_evidence""}, ""outcome_per_minute_is_box_score_derived"": true, ""playoff_games"": 1, ""playoff_weight_applied"": false, ""pregame_cutoff"": ""2026-09-30"", ""raw_matchup_factor"": 1.0008, ""role_risk"": {""market_selected_side_probability"": 0.5, ""prior_5_minutes"": 22.8, ""reasons"": [""recent_minutes_shift""], ""recent_3_minutes"": 29.33, ""review_required"": true, ""role_verified"": false}, ""sample_games"": 41, ""shrinkage_weight"": 0.8889, ""slate_season_type"": ""PLAYOFF"", ""source"": ""wnba_player_game_logs""}",0.6365,0.5,13.649999999999995,0.19483333333333325,-114.0
A'ja Wilson,LV,IND,REB,10.5,9.363636363636363,10.6,10.0,-4.8,UNDER,66.0,0.404,54.2,HIGH,-120,-110,2026-10-01,-3.5,180.5,9.99896694214876,0.3962,0.6038,0.0,5.0,7.0,9.0,13.0,16.0,deterministic_empirical_minutes_x_rate,wnba_empirical_minutes_rates_v2,32.611,,0.30811,unavailable_no_direct_evidence,unavailable_no_direct_evidence,HIGH,"{""applied_matchup_factor"": 0.9715, ""bounded_matchup_factor"": 0.9612, ""conversion_component"": {""reason"": ""no tracking-derived opportunities"", ""status"": ""unavailable_no_direct_evidence""}, ""matchup_sample"": 55, ""matchup_source"": ""position_dvp"", ""model_mean_definition"": ""mean of discrete empirical scenarios"", ""opportunity_component"": {""reason"": ""no tracking-derived opportunities"", ""status"": ""unavailable_no_direct_evidence""}, ""outcome_per_minute_is_box_score_derived"": true, ""playoff_games"": 2, ""playoff_weight_applied"": false, ""pregame_cutoff"": ""2026-10-01"", ""raw_matchup_factor"": 0.9612, ""role_risk"": {""market_selected_side_probability"": 0.48987854251012153, ""prior_5_minutes"": 30.2, ""reasons"": [], ""recent_3_minutes"": 34.67, ""review_required"": false, ""role_verified"": false}, ""sample_games"": 44, ""shrinkage_weight"": 0.7333, ""slate_season_type"": ""PLAYOFF"", ""source"": ""wnba_player_game_logs""}",0.6038,0.48987854251012153,11.392145748987847,0.1527090909090909,-110.0
Paige Bueckers,DAL,GS,REB,3.5,4.090909090909091,5.2,4.9,40.0,OVER,57.0,0.471,54.0,MEDIUM,-152,114,2026-09-30,4.5,156.5,4.882231404958677,0.6896,0.3104,0.0,2.0,3.0,5.0,6.0,8.0,deterministic_empirical_minutes_x_rate,wnba_empirical_minutes_rates_v2,30.355,,0.16136,unavailable_no_direct_evidence,unavailable_no_direct_evidence,HIGH,"{""applied_matchup_factor"": 1.0151, ""bounded_matchup_factor"": 1.0166, ""conversion_component"": {""reason"": ""no tracking-derived opportunities"", ""status"": ""unavailable_no_direct_evidence""}, ""matchup_sample"": 209, ""matchup_source"": ""position_dvp"", ""model_mean_definition"": ""mean of discrete empirical scenarios"", ""opportunity_component"": {""reason"": ""no tracking-derived opportunities"", ""status"": ""unavailable_no_direct_evidence""}, ""outcome_per_minute_is_box_score_derived"": true, ""playoff_games"": 1, ""playoff_weight_applied"": false, ""pregame_cutoff"": ""2026-09-30"", ""raw_matchup_factor"": 1.0166, ""role_risk"": {""market_selected_side_probability"": 0.563470066518847, ""prior_5_minutes"": 28.2, ""reasons"": [], ""recent_3_minutes"": 29.33, ""review_required"": false, ""role_verified"": false}, ""sample_games"": 44, ""shrinkage_weight"": 0.9127, ""slate_season_type"": ""PLAYOFF"", ""source"": ""wnba_player_game_logs""}",0.6896,0.563470066518847,12.612993348115298,0.1432842105263158,-152.0
Caitlin Clark,IND,LV,REB,4.5,4.0,4.6,4.5,0.0,UNDER,72.0,0.503,53.5,HIGH,-110,-120,2026-10-01,-3.5,180.5,4.5289345592212005,0.3786,0.6214,0.0,2.0,3.0,4.0,6.0,8.0,deterministic_empirical_minutes_x_rate,wnba_empirical_minutes_rates_v2,30.64,,0.14814,unavailable_no_direct_evidence,unavailable_no_direct_evidence,HIGH,"{""applied_matchup_factor"": 0.9915, ""bounded_matchup_factor"": 0.9907, ""conversion_component"": {""reason"": ""no tracking-derived opportunities"", ""status"": ""unavailable_no_direct_evidence""}, ""matchup_sample"": 232, ""matchup_source"": ""position_dvp"", ""model_mean_definition"": ""mean of discrete empirical scenarios"", ""opportunity_component"": {""reason"": ""no tracking-derived opportunities"", ""status"": ""unavailable_no_direct_evidence""}, ""outcome_per_minute_is_box_score_derived"": true, ""playoff_games"": 2, ""playoff_weight_applied"": false, ""pregame_cutoff"": ""2026-10-01"", ""raw_matchup_factor"": 0.9907, ""role_risk"": {""market_selected_side_probability"": 0.5101214574898786, ""prior_5_minutes"": 33.4, ""reasons"": [], ""recent_3_minutes"": 28.33, ""review_required"": false, ""role_verified"": false}, ""sample_games"": 43, ""shrinkage_weight"": 0.9206, ""slate_season_type"": ""PLAYOFF"", ""source"": ""wnba_player_game_logs""}",0.6214,0.5101214574898786,11.127854251012137,0.13923333333333338,-120.0
Rhyne Howard,ATL,WSH,PTS,18.5,17.711111111111112,14.8,16.0,-13.5,UNDER,51.0,0.381,52.4,LOW,-122,-106,2026-09-30,3.5,165.5,15.974320987654322,0.3506,0.6494,0.0,8.0,11.0,15.0,20.0,24.0,deterministic_empirical_minutes_x_rate,wnba_empirical_minutes_rates_v2,33.187,,0.4818,unavailable_no_direct_evidence,unavailable_no_direct_evidence,HIGH,"{""applied_matchup_factor"": 1.0111, ""bounded_matchup_factor"": 1.0121, ""conversion_component"": {""reason"": ""no tracking-derived opportunities"", ""status"": ""unavailable_no_direct_evidence""}, ""matchup_sample"": 217, ""matchup_source"": ""position_dvp"", ""model_mean_definition"": ""mean of discrete empirical scenarios"", ""opportunity_component"": {""reason"": ""no tracking-derived opportunities"", ""status"": ""unavailable_no_direct_evidence""}, ""outcome_per_minute_is_box_score_derived"": true, ""playoff_games"": 1, ""playoff_weight_applied"": false, ""pregame_cutoff"": ""2026-09-30"", ""raw_matchup_factor"": 1.0121, ""role_risk"": {""market_selected_side_probability"": 0.483560743054414, ""prior_5_minutes"": 31.2, ""reasons"": [], ""recent_3_minutes"": 37.0, ""review_required"": false, ""role_verified"": false}, ""sample_games"": 45, ""shrinkage_weight"": 0.9156, ""slate_season_type"": ""PLAYOFF"", ""source"": ""wnba_player_game_logs""}",0.6494,0.483560743054414,16.583925694558598,0.2620415094339622,-106.0
A'ja Wilson,LV,IND,PTS,27.5,26.022727272727273,28.4,26.5,-3.6,UNDER,59.0,0.273,51.3,MEDIUM,-128,-102,2026-10-01,-3.5,180.5,26.537190082644628,0.4406,0.5594,0.0,16.0,22.0,26.0,32.0,36.0,deterministic_empirical_minutes_x_rate,wnba_empirical_minutes_rates_v2,32.611,,0.84137,unavailable_no_direct_evidence,unavailable_no_direct_evidence,HIGH,"{""applied_matchup_factor"": 0.9704, ""bounded_matchup_factor"": 0.9597, ""conversion_component"": {""reason"": ""no tracking-derived opportunities"", ""status"": ""unavailable_no_direct_evidence""}, ""matchup_sample"": 55, ""matchup_source"": ""position_dvp"", ""model_mean_definition"": ""mean of discrete empirical scenarios"", ""opportunity_component"": {""reason"": ""no tracking-derived opportunities"", ""status"": ""unavailable_no_direct_evidence""}, ""outcome_per_minute_is_box_score_derived"": true, ""playoff_games"": 2, ""playoff_weight_applied"": false, ""pregame_cutoff"": ""2026-10-01"", ""raw_matchup_factor"": 0.9597, ""role_risk"": {""market_selected_side_probability"": 0.4735298908617039, ""prior_5_minutes"": 30.2, ""reasons"": [], ""recent_3_minutes"": 34.67, ""review_required"": false, ""role_verified"": false}, ""sample_games"": 44, ""shrinkage_weight"": 0.7333, ""slate_season_type"": ""PLAYOFF"", ""source"": ""wnba_player_game_logs""}",0.5594,0.4735298908617039,8.587010913829612,0.10783137254901964,-102.0
Caitlin Clark,IND,LV,3PM,3.5,2.953488372093023,2.8,2.7,-22.9,UNDER,67.0,0.618,50.5,MEDIUM,132,-178,2026-10-01,-3.5,180.5,2.7366143861546783,0.2785,0.7215,0.0,1.0,2.0,2.0,4.0,5.0,deterministic_empirical_minutes_x_rate,wnba_empirical_minutes_rates_v2,30.64,,0.08825,unavailable_no_direct_evidence,unavailable_no_direct_evidence,HIGH,"{""applied_matchup_factor"": 0.9923, ""bounded_matchup_factor"": 0.9916, ""conversion_component"": {""reason"": ""no tracking-derived opportunities"", ""status"": ""unavailable_no_direct_evidence""}, ""matchup_sample"": 232, ""matchup_source"": ""position_dvp"", ""model_mean_definition"": ""mean of discrete empirical scenarios"", ""opportunity_component"": {""reason"": ""no tracking-derived opportunities"", ""status"": ""unavailable_no_direct_evidence""}, ""outcome_per_minute_is_box_score_derived"": true, ""playoff_games"": 2, ""playoff_weight_applied"": false, ""pregame_cutoff"": ""2026-10-01"", ""raw_matchup_factor"": 0.9916, ""role_risk"": {""market_selected_side_probability"": 0.5976612249623713, ""prior_5_minutes"": 33.4, ""reasons"": [], ""recent_3_minutes"": 28.33, ""review_required"": false, ""role_verified"": false}, ""sample_games"": 43, ""shrinkage_weight"": 0.9206, ""slate_season_type"": ""PLAYOFF"", ""source"": ""wnba_player_game_logs""}",0.7215,0.5976612249623713,12.383877503762875,0.12683707865168542,-178.0
Awak Kuier,DAL,GS,PTS,7.5,6.214285714285714,8.4,6.6,-12.0,UNDER,62.0,0.68,49.6,MEDIUM,100,-130,2026-09-30,4.5,156.5,6.6218820861678,0.3503,0.6497,0.0,0.0,3.0,5.0,9.0,13.0,deterministic_empirical_minutes_x_rate,wnba_empirical_minutes_rates_v2,22.688,,0.31785,unavailable_no_direct_evidence,unavailable_no_direct_evidence,HIGH,"{""applied_matchup_factor"": 0.915, ""bounded_matchup_factor"": 0.9044, ""conversion_component"": {""reason"": ""no tracking-derived opportunities"", ""status"": ""unavailable_no_direct_evidence""}, ""matchup_sample"": 161, ""matchup_source"": ""position_dvp"", ""model_mean_definition"": ""mean of discrete empirical scenarios"", ""opportunity_component"": {""reason"": ""no tracking-derived opportunities"", ""status"": ""unavailable_no_direct_evidence""}, ""outcome_per_minute_is_box_score_derived"": true, ""playoff_games"": 1, ""playoff_weight_applied"": false, ""pregame_cutoff"": ""2026-09-30"", ""raw_matchup_factor"": 0.9044, ""role_risk"": {""market_selected_side_probability"": 0.5306122448979592, ""prior_5_minutes"": 25.8, ""reasons"": [], ""recent_3_minutes"": 26.0, ""review_required"": false, ""role_verified"": false}, ""sample_games"": 42, ""shrinkage_weight"": 0.8895, ""slate_season_type"": ""PLAYOFF"", ""source"": ""wnba_player_game_logs""}",0.6497,0.5306122448979592,11.908775510204084,0.14946923076923085,-130.0
Allisha Gray,ATL,WSH,REB,3.5,3.4130434782608696,3.8,3.2,-8.6,UNDER,63.0,0.717,49.2,MEDIUM,116,-154,2026-09-30,3.5,165.5,3.220226843100189,0.2902,0.7098,0.0,1.0,2.0,3.0,4.0,6.0,deterministic_empirical_minutes_x_rate,wnba_empirical_minutes_rates_v2,30.974,,0.12331,unavailable_no_direct_evidence,unavailable_no_direct_evidence,HIGH,"{""applied_matchup_factor"": 0.8431, ""bounded_matchup_factor"": 0.8286, ""conversion_component"": {""reason"": ""no tracking-derived opportunities"", ""status"": ""unavailable_no_direct_evidence""}, ""matchup_sample"": 217, ""matchup_source"": ""position_dvp"", ""model_mean_definition"": ""mean of discrete empirical scenarios"", ""opportunity_component"": {""reason"": ""no tracking-derived opportunities"", ""status"": ""unavailable_no_direct_evidence""}, ""outcome_per_minute_is_box_score_derived"": true, ""playoff_games"": 1, ""playoff_weight_applied"": false, ""pregame_cutoff"": ""2026-09-30"", ""raw_matchup_factor"": 0.8286, ""role_risk"": {""market_selected_side_probability"": 0.5670257738988136, ""prior_5_minutes"": 30.6, ""reasons"": [], ""recent_3_minutes"": 33.33, ""review_required"": false, ""role_verified"": false}, ""sample_games"": 46, ""shrinkage_weight"": 0.9156, ""slate_season_type"": ""PLAYOFF"", ""source"": ""wnba_player_game_logs""}",0.7098,0.5670257738988136,14.27742261011864,0.17070909090909087,-154.0
Shakira Austin,WSH,ATL,AST,2.5,2.5681818181818183,3.2,3.2,28.0,OVER,52.0,0.642,48.9,LOW,-106,-125,2026-09-30,3.5,165.5,3.209710743801653,0.6136,0.3864,0.0,0.0,1.0,3.0,4.0,6.0,deterministic_empirical_minutes_x_rate,wnba_empirical_minutes_rates_v2,29.44,,0.10701,unavailable_no_direct_evidence,unavailable_no_direct_evidence,HIGH,"{""applied_matchup_factor"": 1.0787, ""bounded_matchup_factor"": 1.1049, ""conversion_component"": {""reason"": ""no tracking-derived opportunities"", ""status"": ""unavailable_no_direct_evidence""}, ""matchup_sample"": 60, ""matchup_source"": ""position_dvp"", ""model_mean_definition"": ""mean of discrete empirical scenarios"", ""opportunity_component"": {""reason"": ""no tracking-derived opportunities"", ""status"": ""unavailable_no_direct_evidence""}, ""outcome_per_minute_is_box_score_derived"": true, ""playoff_games"": 1, ""playoff_weight_applied"": false, ""pregame_cutoff"": ""2026-09-30"", ""raw_matchup_factor"": 1.1049, ""role_risk"": {""market_selected_side_probability"": 0.4808467741935484, ""prior_5_minutes"": 27.6, ""reasons"": [], ""recent_3_minutes"": 30.67, ""review_required"": false, ""role_verified"": false}, ""sample_games"": 44, ""shrinkage_weight"": 0.75, ""slate_season_type"": ""PLAYOFF"", ""source"": ""wnba_player_game_logs""}",0.6136,0.4808467741935484,13.275322580645167,0.19246792452830191,-106.0
Gabby Williams,GS,DAL,REB,3.5,3.317073170731707,3.0,3.2,-8.6,UNDER,56.0,0.608,48.9,LOW,-125,-106,2026-09-30,4.5,156.5,3.189767995240928,0.373,0.627,0.0,1.0,2.0,3.0,4.0,6.0,deterministic_empirical_minutes_x_rate,wnba_empirical_minutes_rates_v2,25.269,,0.12594,unavailable_no_direct_evidence,unavailable_no_direct_evidence,HIGH,"{""applied_matchup_factor"": 1.0105, ""bounded_matchup_factor"": 1.0118, ""conversion_component"": {""reason"": ""no tracking-derived opportunities"", ""status"": ""unavailable_no_direct_evidence""}, ""matchup_sample"": 160, ""matchup_source"": ""position_dvp"", ""model_mean_definition"": ""mean of discrete empirical scenarios"", ""opportunity_component"": {""reason"": ""no tracking-derived opportunities"", ""status"": ""unavailable_no_direct_evidence""}, ""outcome_per_minute_is_box_score_derived"": true, ""playoff_games"": 1, ""playoff_weight_applied"": false, ""pregame_cutoff"": ""2026-09-30"", ""raw_matchup_factor"": 1.0118, ""role_risk"": {""market_selected_side_probability"": 0.4808467741935484, ""prior_5_minutes"": 22.8, ""reasons"": [""recent_minutes_shift""], ""recent_3_minutes"": 29.33, ""review_required"": true, ""role_verified"": false}, ""sample_games"": 41, ""shrinkage_weight"": 0.8889, ""slate_season_type"": ""PLAYOFF"", ""source"": ""wnba_player_game_logs""}",0.627,0.4808467741935484,14.615322580645163,0.2185094339622642,-106.0
Jordin Canada,ATL,WSH,AST,7.5,7.340909090909091,7.0,6.8,-9.3,UNDER,55.0,0.413,48.5,MEDIUM,100,-132,2026-09-30,3.5,165.5,6.7727272727272725,0.3657,0.6343,0.0,4.0,5.0,7.0,8.25,10.0,deterministic_empirical_minutes_x_rate,wnba_empirical_minutes_rates_v2,29.78,,0.23293,unavailable_no_direct_evidence,unavailable_no_direct_evidence,HIGH,"{""applied_matchup_factor"": 0.9483, ""bounded_matchup_factor"": 0.9436, ""conversion_component"": {""reason"": ""no tracking-derived opportunities"", ""status"": ""unavailable_no_direct_evidence""}, ""matchup_sample"": 217, ""matchup_source"": ""position_dvp"", ""model_mean_definition"": ""mean of discrete empirical scenarios"", ""opportunity_component"": {""reason"": ""no tracking-derived opportunities"", ""status"": ""unavailable_no_direct_evidence""}, ""outcome_per_minute_is_box_score_derived"": true, ""playoff_games"": 1, ""playoff_weight_applied"": false, ""pregame_cutoff"": ""2026-09-30"", ""raw_matchup_factor"": 0.9436, ""role_risk"": {""market_selected_side_probability"": 0.532258064516129, ""prior_5_minutes"": 30.2, ""reasons"": [], ""recent_3_minutes"": 32.0, ""review_required"": false, ""role_verified"": false}, ""sample_games"": 44, ""shrinkage_weight"": 0.9156, ""slate_season_type"": ""PLAYOFF"", ""source"": ""wnba_player_game_logs""}",0.6343,0.532258064516129,10.204193548387098,0.114830303030303,-132.0
Arike Ogunbowale,DAL,GS,3PM,1.5,1.6888888888888889,1.0,1.3,-13.3,UNDER,53.0,0.891,48.2,LOW,-130,-102,2026-09-30,4.5,156.5,1.2854320987654322,0.356,0.644,0.0,0.0,0.0,1.0,2.0,3.0,deterministic_empirical_minutes_x_rate,wnba_empirical_minutes_rates_v2,30.591,,0.04032,unavailable_no_direct_evidence,unavailable_no_direct_evidence,HIGH,"{""applied_matchup_factor"": 0.9712, ""bounded_matchup_factor"": 0.9685, ""conversion_component"": {""reason"": ""no tracking-derived opportunities"", ""status"": ""unavailable_no_direct_evidence""}, ""matchup_sample"": 209, ""matchup_source"": ""position_dvp"", ""model_mean_definition"": ""mean of discrete empirical scenarios"", ""opportunity_component"": {""reason"": ""no tracking-derived opportunities"", ""status"": ""unavailable_no_direct_evidence""}, ""outcome_per_minute_is_box_score_derived"": true, ""playoff_games"": 1, ""playoff_weight_applied"": false, ""pregame_cutoff"": ""2026-09-30"", ""raw_matchup_factor"": 0.9685, ""role_risk"": {""market_selected_side_probability"": 0.4718423169750604, ""prior_5_minutes"": 28.4, ""reasons"": [], ""recent_3_minutes"": 30.33, ""review_required"": false, ""role_verified"": false}, ""sample_games"": 45, ""shrinkage_weight"": 0.9127, ""slate_season_type"": ""PLAYOFF"", ""source"": ""wnba_player_game_logs""}",0.644,0.4718423169750604,17.215768302493963,0.27537254901960784,-102.0
Shakira Austin,WSH,ATL,REB,10.5,9.636363636363637,11.4,10.7,1.9,UNDER,64.0,0.317,48.0,LOW,-114,-114,2026-09-30,3.5,165.5,10.695247933884298,0.4664,0.5336,0.0,6.0,8.0,10.0,13.0,16.0,deterministic_empirical_minutes_x_rate,wnba_empirical_minutes_rates_v2,29.44,,0.36599,unavailable_no_direct_evidence,unavailable_no_direct_evidence,HIGH,"{""applied_matchup_factor"": 0.9688, ""bounded_matchup_factor"": 0.9584, ""conversion_component"": {""reason"": ""no tracking-derived opportunities"", ""status"": ""unavailable_no_direct_evidence""}, ""matchup_sample"": 60, ""matchup_source"": ""position_dvp"", ""model_mean_definition"": ""mean of discrete empirical scenarios"", ""opportunity_component"": {""reason"": ""no tracking-derived opportunities"", ""status"": ""unavailable_no_direct_evidence""}, ""outcome_per_minute_is_box_score_derived"": true, ""playoff_games"": 1, ""playoff_weight_applied"": false, ""pregame_cutoff"": ""2026-09-30"", ""raw_matchup_factor"": 0.9584, ""role_risk"": {""market_selected_side_probability"": 0.5, ""prior_5_minutes"": 27.6, ""reasons"": [], ""recent_3_minutes"": 30.67, ""review_required"": false, ""role_verified"": false}, ""sample_games"": 44, ""shrinkage_weight"": 0.75, ""slate_season_type"": ""PLAYOFF"", ""source"": ""wnba_player_game_logs""}",0.5336,0.5,3.3599999999999963,0.001670175438596433,-114.0
Maddy Siegrist,DAL,GS,PTS,7.5,6.642857142857143,9.2,7.2,-4.0,UNDER,62.0,0.658,47.6,MEDIUM,-106,-122,2026-09-30,4.5,156.5,7.22108843537415,0.3832,0.6168,0.0,2.0,4.0,6.0,10.0,14.0,deterministic_empirical_minutes_x_rate,wnba_empirical_minutes_rates_v2,18.221,,0.43327,unavailable_no_direct_evidence,unavailable_no_direct_evidence,HIGH,"{""applied_matchup_factor"": 0.915, ""bounded_matchup_factor"": 0.9044, ""conversion_component"": {""reason"": ""no tracking-derived opportunities"", ""status"": ""unavailable_no_direct_evidence""}, ""matchup_sample"": 161, ""matchup_source"": ""position_dvp"", ""model_mean_definition"": ""mean of discrete empirical scenarios"", ""opportunity_component"": {""reason"": ""no tracking-derived opportunities"", ""status"": ""unavailable_no_direct_evidence""}, ""outcome_per_minute_is_box_score_derived"": true, ""playoff_games"": 1, ""playoff_weight_applied"": false, ""pregame_cutoff"": ""2026-09-30"", ""raw_matchup_factor"": 0.9044, ""role_risk"": {""market_selected_side_probability"": 0.5164392569455861, ""prior_5_minutes"": 18.2, ""reasons"": [], ""recent_3_minutes"": 22.67, ""review_required"": false, ""role_verified"": false}, ""sample_games"": 42, ""shrinkage_weight"": 0.8895, ""slate_season_type"": ""PLAYOFF"", ""source"": ""wnba_player_game_logs""}",0.6168,0.5164392569455861,10.036074305441389,0.12237377049180331,-122.0
Janelle Salaun,GS,DAL,REB,3.5,3.902439024390244,4.4,4.4,25.7,OVER,54.0,0.461,47.2,LOW,-138,104,2026-09-30,4.5,156.5,4.37180249851279,0.6228,0.3772,0.0,2.0,3.0,4.0,6.0,7.0,deterministic_empirical_minutes_x_rate,wnba_empirical_minutes_rates_v2,20.32,,0.21493,unavailable_no_direct_evidence,unavailable_no_direct_evidence,HIGH,"{""applied_matchup_factor"": 1.0105, ""bounded_matchup_factor"": 1.0118, ""conversion_component"": {""reason"": ""no tracking-derived opportunities"", ""status"": ""unavailable_no_direct_evidence""}, ""matchup_sample"": 160, ""matchup_source"": ""position_dvp"", ""model_mean_definition"": ""mean of discrete empirical scenarios"", ""opportunity_component"": {""reason"": ""no tracking-derived opportunities"", ""status"": ""unavailable_no_direct_evidence""}, ""outcome_per_minute_is_box_score_derived"": true, ""playoff_games"": 1, ""playoff_weight_applied"": false, ""pregame_cutoff"": ""2026-09-30"", ""raw_matchup_factor"": 1.0118, ""role_risk"": {""market_selected_side_probability"": 0.5418848167539267, ""prior_5_minutes"": 23.0, ""reasons"": [], ""recent_3_minutes"": 18.0, ""review_required"": false, ""role_verified"": false}, ""sample_games"": 41, ""shrinkage_weight"": 0.8889, ""slate_season_type"": ""PLAYOFF"", ""source"": ""wnba_player_game_logs""}",0.6228,0.5418848167539267,8.091518324607328,0.07410434782608699,-138.0
Jessica Shepard,DAL,GS,PTS,10.5,13.977272727272727,12.0,11.1,5.7,OVER,73.0,0.431,46.8,MEDIUM,-128,-102,2026-09-30,4.5,156.5,11.12396694214876,0.5795,0.4205,0.0,5.0,8.0,11.0,15.0,17.0,deterministic_empirical_minutes_x_rate,wnba_empirical_minutes_rates_v2,30.269,,0.40259,unavailable_no_direct_evidence,unavailable_no_direct_evidence,HIGH,"{""applied_matchup_factor"": 0.915, ""bounded_matchup_factor"": 0.9044, ""conversion_component"": {""reason"": ""no tracking-derived opportunities"", ""status"": ""unavailable_no_direct_evidence""}, ""matchup_sample"": 161, ""matchup_source"": ""position_dvp"", ""model_mean_definition"": ""mean of discrete empirical scenarios"", ""opportunity_component"": {""reason"": ""no tracking-derived opportunities"", ""status"": ""unavailable_no_direct_evidence""}, ""outcome_per_minute_is_box_score_derived"": true, ""playoff_games"": 1, ""playoff_weight_applied"": false, ""pregame_cutoff"": ""2026-09-30"", ""raw_matchup_factor"": 0.9044, ""role_risk"": {""market_selected_side_probability"": 0.5264701091382962, ""prior_5_minutes"": 28.2, ""reasons"": [], ""recent_3_minutes"": 31.0, ""review_required"": false, ""role_verified"": false}, ""sample_games"": 44, ""shrinkage_weight"": 0.8895, ""slate_season_type"": ""PLAYOFF"", ""source"": ""wnba_player_game_logs""}",0.5795,0.5264701091382962,5.302989086170385,0.03223437500000004,-128.0
Lexie Hull,IND,LV,REB,2.5,3.0434782608695654,2.8,2.6,4.0,UNDER,54.0,0.733,46.7,LOW,-166,124,2026-10-01,-3.5,180.5,2.622400756143667,0.4542,0.5458,0.0,1.0,1.0,2.0,4.0,5.0,deterministic_empirical_minutes_x_rate,wnba_empirical_minutes_rates_v2,17.584,,0.14884,unavailable_no_direct_evidence,unavailable_no_direct_evidence,HIGH,"{""applied_matchup_factor"": 0.9915, ""bounded_matchup_factor"": 0.9907, ""conversion_component"": {""reason"": ""no tracking-derived opportunities"", ""status"": ""unavailable_no_direct_evidence""}, ""matchup_sample"": 232, ""matchup_source"": ""position_dvp"", ""model_mean_definition"": ""mean of discrete empirical scenarios"", ""opportunity_component"": {""reason"": ""no tracking-derived opportunities"", ""status"": ""unavailable_no_direct_evidence""}, ""outcome_per_minute_is_box_score_derived"": true, ""playoff_games"": 2, ""playoff_weight_applied"": false, ""pregame_cutoff"": ""2026-10-01"", ""raw_matchup_factor"": 0.9907, ""role_risk"": {""market_selected_side_probability"": 0.4170324846356453, ""prior_5_minutes"": 17.2, ""reasons"": [], ""recent_3_minutes"": 20.33, ""review_required"": false, ""role_verified"": false}, ""sample_games"": 46, ""shrinkage_weight"": 0.9206, ""slate_season_type"": ""PLAYOFF"", ""source"": ""wnba_player_game_logs""}",0.5458,0.4170324846356453,12.876751536435465,0.22259199999999996,124.0
Aliyah Boston,IND,LV,AST,3.5,2.9767441860465116,3.4,3.1,-11.4,UNDER,63.0,0.611,45.9,MEDIUM,-102,-130,2026-10-01,-3.5,180.5,3.143320713899405,0.3959,0.6041,0.0,0.0,1.0,3.0,4.0,6.0,deterministic_empirical_minutes_x_rate,wnba_empirical_minutes_rates_v2,24.682,,0.12775,unavailable_no_direct_evidence,unavailable_no_direct_evidence,HIGH,"{""applied_matchup_factor"": 0.9594, ""bounded_matchup_factor"": 0.9456, ""conversion_component"": {""reason"": ""no tracking-derived opportunities"", ""status"": ""unavailable_no_direct_evidence""}, ""matchup_sample"": 59, ""matchup_source"": ""position_dvp"", ""model_mean_definition"": ""mean of discrete empirical scenarios"", ""opportunity_component"": {""reason"": ""no tracking-derived opportunities"", ""status"": ""unavailable_no_direct_evidence""}, ""outcome_per_minute_is_box_score_derived"": true, ""playoff_games"": 2, ""playoff_weight_applied"": false, ""pregame_cutoff"": ""2026-10-01"", ""raw_matchup_factor"": 0.9456, ""role_risk"": {""market_selected_side_probability"": 0.5281576830249397, ""prior_5_minutes"": 26.4, ""reasons"": [], ""recent_3_minutes"": 22.67, ""review_required"": false, ""role_verified"": false}, ""sample_games"": 43, ""shrinkage_weight"": 0.7468, ""slate_season_type"": ""PLAYOFF"", ""source"": ""wnba_player_game_logs""}",0.6041,0.5281576830249397,7.594231697506027,0.06879230769230771,-130.0
Gabby Williams,GS,DAL,AST,3.5,2.3658536585365852,3.2,3.1,-11.4,UNDER,76.0,0.68,45.8,LOW,116,-154,2026-09-30,4.5,156.5,3.061273051754908,0.3492,0.6508,0.0,1.0,1.0,3.0,4.0,7.0,deterministic_empirical_minutes_x_rate,wnba_empirical_minutes_rates_v2,25.269,,0.11675,unavailable_no_direct_evidence,unavailable_no_direct_evidence,HIGH,"{""applied_matchup_factor"": 1.0846, ""bounded_matchup_factor"": 1.0952, ""conversion_component"": {""reason"": ""no tracking-derived opportunities"", ""status"": ""unavailable_no_direct_evidence""}, ""matchup_sample"": 160, ""matchup_source"": ""position_dvp"", ""model_mean_definition"": ""mean of discrete empirical scenarios"", ""opportunity_component"": {""reason"": ""no tracking-derived opportunities"", ""status"": ""unavailable_no_direct_evidence""}, ""outcome_per_minute_is_box_score_derived"": true, ""playoff_games"": 1, ""playoff_weight_applied"": false, ""pregame_cutoff"": ""2026-09-30"", ""raw_matchup_factor"": 1.0952, ""role_risk"": {""market_selected_side_probability"": 0.5670257738988136, ""prior_5_minutes"": 22.8, ""reasons"": [""recent_minutes_shift""], ""recent_3_minutes"": 29.33, ""review_required"": true, ""role_verified"": false}, ""sample_games"": 41, ""shrinkage_weight"": 0.8889, ""slate_season_type"": ""PLAYOFF"", ""source"": ""wnba_player_game_logs""}",0.6508,0.5670257738988136,8.377422610118646,0.07339740259740263,-154.0
Raven Johnson,IND,LV,PTS,5.5,3.4634146341463414,6.8,5.2,-5.5,UNDER,71.0,1.09,45.5,LOW,100,-130,2026-10-01,-3.5,180.5,5.2266508030933965,0.3147,0.6853,0.0,0.0,0.0,2.0,8.0,14.0,deterministic_empirical_minutes_x_rate,wnba_empirical_minutes_rates_v2,16.735,,0.3132,unavailable_no_direct_evidence,unavailable_no_direct_evidence,HIGH,"{""applied_matchup_factor"": 1.0039, ""bounded_matchup_factor"": 1.0042, ""conversion_component"": {""reason"": ""no tracking-derived opportunities"", ""status"": ""unavailable_no_direct_evidence""}, ""matchup_sample"": 232, ""matchup_source"": ""position_dvp"", ""model_mean_definition"": ""mean of discrete empirical scenarios"", ""opportunity_component"": {""reason"": ""no tracking-derived opportunities"", ""status"": ""unavailable_no_direct_evidence""}, ""outcome_per_minute_is_box_score_derived"": true, ""playoff_games"": 2, ""playoff_weight_applied"": false, ""pregame_cutoff"": ""2026-10-01"", ""raw_matchup_factor"": 1.0042, ""role_risk"": {""market_selected_side_probability"": 0.5306122448979592, ""prior_5_minutes"": 9.6, ""reasons"": [""recent_minutes_shift""], ""recent_3_minutes"": 22.33, ""review_required"": true, ""role_verified"": false}, ""sample_games"": 41, ""shrinkage_weight"": 0.9206, ""slate_season_type"": ""PLAYOFF"", ""source"": ""wnba_player_game_logs""}",0.6853,0.5306122448979592,15.46877551020408,0.21245384615384622,-130.0
Shakira Austin,WSH,ATL,PTS,17.5,16.84090909090909,16.8,16.7,-4.6,UNDER,55.0,0.385,45.3,MEDIUM,-115,-113,2026-09-30,3.5,165.5,16.731921487603305,0.422,0.578,0.0,9.0,12.0,16.0,21.0,25.0,deterministic_empirical_minutes_x_rate,wnba_empirical_minutes_rates_v2,29.44,,0.56801,unavailable_no_direct_evidence,unavailable_no_direct_evidence,HIGH,"{""applied_matchup_factor"": 1.0044, ""bounded_matchup_factor"": 1.0059, ""conversion_component"": {""reason"": ""no tracking-derived opportunities"", ""status"": ""unavailable_no_direct_evidence""}, ""matchup_sample"": 60, ""matchup_source"": ""position_dvp"", ""model_mean_definition"": ""mean of discrete empirical scenarios"", ""opportunity_component"": {""reason"": ""no tracking-derived opportunities"", ""status"": ""unavailable_no_direct_evidence""}, ""outcome_per_minute_is_box_score_derived"": true, ""playoff_games"": 1, ""playoff_weight_applied"": false, ""pregame_cutoff"": ""2026-09-30"", ""raw_matchup_factor"": 1.0059, ""role_risk"": {""market_selected_side_probability"": 0.49795039967206395, ""prior_5_minutes"": 27.6, ""reasons"": [], ""recent_3_minutes"": 30.67, ""review_required"": false, ""role_verified"": false}, ""sample_games"": 44, ""shrinkage_weight"": 0.75, ""slate_season_type"": ""PLAYOFF"", ""source"": ""wnba_player_game_logs""}",0.578,0.49795039967206395,8.004960032793601,0.08950442477876103,-113.0
Paige Bueckers,DAL,GS,3PM,1.5,1.9090909090909092,2.6,2.3,53.3,OVER,55.0,0.676,44.5,MEDIUM,102,-136,2026-09-30,4.5,156.5,2.259814049586777,0.5909,0.4091,0.0,1.0,1.0,2.0,3.0,4.0,deterministic_empirical_minutes_x_rate,wnba_empirical_minutes_rates_v2,30.355,,0.07616,unavailable_no_direct_evidence,unavailable_no_direct_evidence,HIGH,"{""applied_matchup_factor"": 0.9712, ""bounded_matchup_factor"": 0.9685, ""conversion_component"": {""reason"": ""no tracking-derived opportunities"", ""status"": ""unavailable_no_direct_evidence""}, ""matchup_sample"": 209, ""matchup_source"": ""position_dvp"", ""model_mean_definition"": ""mean of discrete empirical scenarios"", ""opportunity_component"": {""reason"": ""no tracking-derived opportunities"", ""status"": ""unavailable_no_direct_evidence""}, ""outcome_per_minute_is_box_score_derived"": true, ""playoff_games"": 1, ""playoff_weight_applied"": false, ""pregame_cutoff"": ""2026-09-30"", ""raw_matchup_factor"": 0.9685, ""role_risk"": {""market_selected_side_probability"": 0.46209273182957394, ""prior_5_minutes"": 28.2, ""reasons"": [], ""recent_3_minutes"": 29.33, ""review_required"": false, ""role_verified"": false}, ""sample_games"": 44, ""shrinkage_weight"": 0.9127, ""slate_season_type"": ""PLAYOFF"", ""source"": ""wnba_player_game_logs""}",0.5909,0.46209273182957394,12.880726817042603,0.19361799999999996,102.0
Sonia Citron,WSH,ATL,PTS,15.5,16.761904761904763,19.2,17.4,12.3,OVER,62.0,0.393,44.2,MEDIUM,-128,-102,2026-09-30,3.5,165.5,17.387755102040817,0.5816,0.4184,0.0,9.0,13.0,17.0,22.0,26.0,deterministic_empirical_minutes_x_rate,wnba_empirical_minutes_rates_v2,31.97,,0.57014,unavailable_no_direct_evidence,unavailable_no_direct_evidence,HIGH,"{""applied_matchup_factor"": 0.9583, ""bounded_matchup_factor"": 0.9544, ""conversion_component"": {""reason"": ""no tracking-derived opportunities"", ""status"": ""unavailable_no_direct_evidence""}, ""matchup_sample"": 216, ""matchup_source"": ""position_dvp"", ""model_mean_definition"": ""mean of discrete empirical scenarios"", ""opportunity_component"": {""reason"": ""no tracking-derived opportunities"", ""status"": ""unavailable_no_direct_evidence""}, ""outcome_per_minute_is_box_score_derived"": true, ""playoff_games"": 1, ""playoff_weight_applied"": false, ""pregame_cutoff"": ""2026-09-30"", ""raw_matchup_factor"": 0.9544, ""role_risk"": {""market_selected_side_probability"": 0.5264701091382962, ""prior_5_minutes"": 32.0, ""reasons"": [], ""recent_3_minutes"": 31.0, ""review_required"": false, ""role_verified"": false}, ""sample_games"": 42, ""shrinkage_weight"": 0.9153, ""slate_season_type"": ""PLAYOFF"", ""source"": ""wnba_player_game_logs""}",0.5816,0.5264701091382962,5.512989086170384,0.035975000000000035,-128.0
Jessica Shepard,DAL,GS,REB,10.5,10.795454545454545,10.0,9.9,-5.7,UNDER,50.0,0.388,43.3,LOW,-104,-128,2026-09-30,4.5,156.5,9.87809917355372,0.4272,0.5728,0.0,5.0,7.75,10.0,12.0,15.0,deterministic_empirical_minutes_x_rate,wnba_empirical_minutes_rates_v2,30.269,,0.32651,unavailable_no_direct_evidence,unavailable_no_direct_evidence,HIGH,"{""applied_matchup_factor"": 0.9879, ""bounded_matchup_factor"": 0.9864, ""conversion_component"": {""reason"": ""no tracking-derived opportunities"", ""status"": ""unavailable_no_direct_evidence""}, ""matchup_sample"": 161, ""matchup_source"": ""position_dvp"", ""model_mean_definition"": ""mean of discrete empirical scenarios"", ""opportunity_component"": {""reason"": ""no tracking-derived opportunities"", ""status"": ""unavailable_no_direct_evidence""}, ""outcome_per_minute_is_box_score_derived"": true, ""playoff_games"": 1, ""playoff_weight_applied"": false, ""pregame_cutoff"": ""2026-09-30"", ""raw_matchup_factor"": 0.9864, ""role_risk"": {""market_selected_side_probability"": 0.5240847784200385, ""prior_5_minutes"": 28.2, ""reasons"": [], ""recent_3_minutes"": 31.0, ""review_required"": false, ""role_verified"": false}, ""sample_games"": 44, ""shrinkage_weight"": 0.8895, ""slate_season_type"": ""PLAYOFF"", ""source"": ""wnba_player_game_logs""}",0.5728,0.5240847784200385,4.871522157996145,0.020299999999999985,-128.0
Rhyne Howard,ATL,WSH,REB,3.5,3.7333333333333334,3.6,3.1,-11.4,UNDER,42.0,0.528,43.0,LOW,106,-140,2026-09-30,3.5,165.5,3.140246913580247,0.3378,0.6622,0.0,1.0,2.0,3.0,4.0,5.0,deterministic_empirical_minutes_x_rate,wnba_empirical_minutes_rates_v2,33.187,,0.11115,unavailable_no_direct_evidence,unavailable_no_direct_evidence,HIGH,"{""applied_matchup_factor"": 0.8431, ""bounded_matchup_factor"": 0.8286, ""conversion_component"": {""reason"": ""no tracking-derived opportunities"", ""status"": ""unavailable_no_direct_evidence""}, ""matchup_sample"": 217, ""matchup_source"": ""position_dvp"", ""model_mean_definition"": ""mean of discrete empirical scenarios"", ""opportunity_component"": {""reason"": ""no tracking-derived opportunities"", ""status"": ""unavailable_no_direct_evidence""}, ""outcome_per_minute_is_box_score_derived"": true, ""playoff_games"": 1, ""playoff_weight_applied"": false, ""pregame_cutoff"": ""2026-09-30"", ""raw_matchup_factor"": 0.8286, ""role_risk"": {""market_selected_side_probability"": 0.5457986373959123, ""prior_5_minutes"": 31.2, ""reasons"": [], ""recent_3_minutes"": 37.0, ""review_required"": false, ""role_verified"": false}, ""sample_games"": 45, ""shrinkage_weight"": 0.9156, ""slate_season_type"": ""PLAYOFF"", ""source"": ""wnba_player_game_logs""}",0.6622,0.5457986373959123,11.640136260408774,0.13520000000000004,-140.0
Veronica Burton,GS,DAL,REB,3.5,3.6222222222222222,4.2,3.9,11.4,UNDER,56.0,0.49,42.8,LOW,-162,122,2026-09-30,4.5,156.5,3.917530864197531,0.5304,0.4696,0.0,2.0,3.0,4.0,5.0,7.0,deterministic_empirical_minutes_x_rate,wnba_empirical_minutes_rates_v2,28.658,,0.13709,unavailable_no_direct_evidence,unavailable_no_direct_evidence,HIGH,"{""applied_matchup_factor"": 0.9898, ""bounded_matchup_factor"": 0.9889, ""conversion_component"": {""reason"": ""no tracking-derived opportunities"", ""status"": ""unavailable_no_direct_evidence""}, ""matchup_sample"": 211, ""matchup_source"": ""position_dvp"", ""model_mean_definition"": ""mean of discrete empirical scenarios"", ""opportunity_component"": {""reason"": ""no tracking-derived opportunities"", ""status"": ""unavailable_no_direct_evidence""}, ""outcome_per_minute_is_box_score_derived"": true, ""playoff_games"": 1, ""playoff_weight_applied"": false, ""pregame_cutoff"": ""2026-09-30"", ""raw_matchup_factor"": 0.9889, ""role_risk"": {""market_selected_side_probability"": 0.421465800141561, ""prior_5_minutes"": 26.4, ""reasons"": [], ""recent_3_minutes"": 29.33, ""review_required"": false, ""role_verified"": false}, ""sample_games"": 45, ""shrinkage_weight"": 0.9134, ""slate_season_type"": ""PLAYOFF"", ""source"": ""wnba_player_game_logs""}",0.4696,0.421465800141561,4.813419985843903,0.042511999999999994,122.0
Paige Bueckers,DAL,GS,PTS,19.5,20.704545454545453,24.2,20.1,3.1,OVER,61.0,0.311,41.7,LOW,-106,-122,2026-09-30,4.5,156.5,20.132231404958677,0.5072,0.4928,0.0,12.0,15.0,20.0,25.0,28.5,deterministic_empirical_minutes_x_rate,wnba_empirical_minutes_rates_v2,30.355,,0.75413,unavailable_no_direct_evidence,unavailable_no_direct_evidence,HIGH,"{""applied_matchup_factor"": 0.8751, ""bounded_matchup_factor"": 0.8631, ""conversion_component"": {""reason"": ""no tracking-derived opportunities"", ""status"": ""unavailable_no_direct_evidence""}, ""matchup_sample"": 209, ""matchup_source"": ""position_dvp"", ""model_mean_definition"": ""mean of discrete empirical scenarios"", ""opportunity_component"": {""reason"": ""no tracking-derived opportunities"", ""status"": ""unavailable_no_direct_evidence""}, ""outcome_per_minute_is_box_score_derived"": true, ""playoff_games"": 1, ""playoff_weight_applied"": false, ""pregame_cutoff"": ""2026-09-30"", ""raw_matchup_factor"": 0.8631, ""role_risk"": {""market_selected_side_probability"": 0.483560743054414, ""prior_5_minutes"": 28.2, ""reasons"": [], ""recent_3_minutes"": 29.33, ""review_required"": false, ""role_verified"": false}, ""sample_games"": 44, ""shrinkage_weight"": 0.9127, ""slate_season_type"": ""PLAYOFF"", ""source"": ""wnba_player_game_logs""}",0.5072,0.483560743054414,2.3639256945585996,-0.014309433962264195,-106.0
Jordin Canada,ATL,WSH,PTS,10.5,11.568181818181818,11.4,11.3,7.6,OVER,55.0,0.389,41.6,LOW,-114,-114,2026-09-30,3.5,165.5,11.338326446280991,0.5227,0.4773,0.0,6.0,8.0,11.0,14.0,18.0,deterministic_empirical_minutes_x_rate,wnba_empirical_minutes_rates_v2,29.78,,0.38106,unavailable_no_direct_evidence,unavailable_no_direct_evidence,HIGH,"{""applied_matchup_factor"": 1.0111, ""bounded_matchup_factor"": 1.0121, ""conversion_component"": {""reason"": ""no tracking-derived opportunities"", ""status"": ""unavailable_no_direct_evidence""}, ""matchup_sample"": 217, ""matchup_source"": ""position_dvp"", ""model_mean_definition"": ""mean of discrete empirical scenarios"", ""opportunity_component"": {""reason"": ""no tracking-derived opportunities"", ""status"": ""unavailable_no_direct_evidence""}, ""outcome_per_minute_is_box_score_derived"": true, ""playoff_games"": 1, ""playoff_weight_applied"": false, ""pregame_cutoff"": ""2026-09-30"", ""raw_matchup_factor"": 1.0121, ""role_risk"": {""market_selected_side_probability"": 0.5, ""prior_5_minutes"": 30.2, ""reasons"": [], ""recent_3_minutes"": 32.0, ""review_required"": false, ""role_verified"": false}, ""sample_games"": 44, ""shrinkage_weight"": 0.9156, ""slate_season_type"": ""PLAYOFF"", ""source"": ""wnba_player_game_logs""}",0.5227,0.5,2.2700000000000053,-0.018791228070175414,-114.0
Kayla Thornton,GS,DAL,REB,4.5,4.511111111111111,4.8,4.7,4.4,UNDER,58.0,0.61,41.5,MEDIUM,-136,102,2026-09-30,4.5,156.5,4.680987654320988,0.4519,0.5481,0.0,2.0,2.0,4.0,7.0,9.0,deterministic_empirical_minutes_x_rate,wnba_empirical_minutes_rates_v2,24.662,,0.19057,unavailable_no_direct_evidence,unavailable_no_direct_evidence,HIGH,"{""applied_matchup_factor"": 1.0105, ""bounded_matchup_factor"": 1.0118, ""conversion_component"": {""reason"": ""no tracking-derived opportunities"", ""status"": ""unavailable_no_direct_evidence""}, ""matchup_sample"": 160, ""matchup_source"": ""position_dvp"", ""model_mean_definition"": ""mean of discrete empirical scenarios"", ""opportunity_component"": {""reason"": ""no tracking-derived opportunities"", ""status"": ""unavailable_no_direct_evidence""}, ""outcome_per_minute_is_box_score_derived"": true, ""playoff_games"": 1, ""playoff_weight_applied"": false, ""pregame_cutoff"": ""2026-09-30"", ""raw_matchup_factor"": 1.0118, ""role_risk"": {""market_selected_side_probability"": 0.46209273182957394, ""prior_5_minutes"": 23.6, ""reasons"": [], ""recent_3_minutes"": 23.33, ""review_required"": false, ""role_verified"": false}, ""sample_games"": 45, ""shrinkage_weight"": 0.8889, ""slate_season_type"": ""PLAYOFF"", ""source"": ""wnba_player_game_logs""}",0.5481,0.46209273182957394,8.60072681704261,0.10716200000000004,102.0
Arike Ogunbowale,DAL,GS,REB,2.5,3.0,2.2,2.5,0.0,UNDER,44.0,0.599,41.2,LOW,-154,116,2026-09-30,4.5,156.5,2.537283950617284,0.4484,0.5516,0.0,1.0,1.0,2.0,3.0,5.0,deterministic_empirical_minutes_x_rate,wnba_empirical_minutes_rates_v2,30.591,,0.08277,unavailable_no_direct_evidence,unavailable_no_direct_evidence,HIGH,"{""applied_matchup_factor"": 1.0151, ""bounded_matchup_factor"": 1.0166, ""conversion_component"": {""reason"": ""no tracking-derived opportunities"", ""status"": ""unavailable_no_direct_evidence""}, ""matchup_sample"": 209, ""matchup_source"": ""position_dvp"", ""model_mean_definition"": ""mean of discrete empirical scenarios"", ""opportunity_component"": {""reason"": ""no tracking-derived opportunities"", ""status"": ""unavailable_no_direct_evidence""}, ""outcome_per_minute_is_box_score_derived"": true, ""playoff_games"": 1, ""playoff_weight_applied"": false, ""pregame_cutoff"": ""2026-09-30"", ""raw_matchup_factor"": 1.0166, ""role_risk"": {""market_selected_side_probability"": 0.4329742261011864, ""prior_5_minutes"": 28.4, ""reasons"": [], ""recent_3_minutes"": 30.33, ""review_required"": false, ""role_verified"": false}, ""sample_games"": 45, ""shrinkage_weight"": 0.9127, ""slate_season_type"": ""PLAYOFF"", ""source"": ""wnba_player_game_logs""}",0.5516,0.4329742261011864,11.862577389881357,0.19145599999999996,116.0
Janelle Salaun,GS,DAL,PTS,9.5,12.487804878048781,8.4,10.2,7.4,OVER,66.0,0.451,41.1,LOW,-120,-108,2026-09-30,4.5,156.5,10.16835217132659,0.5146,0.4854,0.0,5.0,7.0,10.0,13.0,16.0,deterministic_empirical_minutes_x_rate,wnba_empirical_minutes_rates_v2,20.32,,0.50042,unavailable_no_direct_evidence,unavailable_no_direct_evidence,HIGH,"{""applied_matchup_factor"": 1.0008, ""bounded_matchup_factor"": 1.0008, ""conversion_component"": {""reason"": ""no tracking-derived opportunities"", ""status"": ""unavailable_no_direct_evidence""}, ""matchup_sample"": 160, ""matchup_source"": ""position_dvp"", ""model_mean_definition"": ""mean of discrete empirical scenarios"", ""opportunity_component"": {""reason"": ""no tracking-derived opportunities"", ""status"": ""unavailable_no_direct_evidence""}, ""outcome_per_minute_is_box_score_derived"": true, ""playoff_games"": 1, ""playoff_weight_applied"": false, ""pregame_cutoff"": ""2026-09-30"", ""raw_matchup_factor"": 1.0008, ""role_risk"": {""market_selected_side_probability"": 0.5123152709359606, ""prior_5_minutes"": 23.0, ""reasons"": [], ""recent_3_minutes"": 18.0, ""review_required"": false, ""role_verified"": false}, ""sample_games"": 41, ""shrinkage_weight"": 0.8889, ""slate_season_type"": ""PLAYOFF"", ""source"": ""wnba_player_game_logs""}",0.5146,0.5123152709359606,0.22847290640393147,-0.05656666666666671,-120.0
Raven Johnson,IND,LV,REB,2.5,1.6829268292682926,2.0,1.8,-28.0,UNDER,73.0,1.131,41.1,LOW,154,-210,2026-10-01,-3.5,180.5,1.810232004759072,0.2808,0.7192,0.0,0.0,0.0,1.0,3.0,5.0,deterministic_empirical_minutes_x_rate,wnba_empirical_minutes_rates_v2,16.735,,0.10873,unavailable_no_direct_evidence,unavailable_no_direct_evidence,HIGH,"{""applied_matchup_factor"": 0.9915, ""bounded_matchup_factor"": 0.9907, ""conversion_component"": {""reason"": ""no tracking-derived opportunities"", ""status"": ""unavailable_no_direct_evidence""}, ""matchup_sample"": 232, ""matchup_source"": ""position_dvp"", ""model_mean_definition"": ""mean of discrete empirical scenarios"", ""opportunity_component"": {""reason"": ""no tracking-derived opportunities"", ""status"": ""unavailable_no_direct_evidence""}, ""outcome_per_minute_is_box_score_derived"": true, ""playoff_games"": 2, ""playoff_weight_applied"": false, ""pregame_cutoff"": ""2026-10-01"", ""raw_matchup_factor"": 0.9907, ""role_risk"": {""market_selected_side_probability"": 0.6324401233104102, ""prior_5_minutes"": 9.6, ""reasons"": [""recent_minutes_shift""], ""recent_3_minutes"": 22.33, ""review_required"": true, ""role_verified"": false}, ""sample_games"": 41, ""shrinkage_weight"": 0.9206, ""slate_season_type"": ""PLAYOFF"", ""source"": ""wnba_player_game_logs""}",0.7192,0.6324401233104102,8.675987668958973,0.06167619047619044,-210.0
Rhyne Howard,ATL,WSH,AST,3.5,3.6222222222222222,3.8,4.0,14.3,OVER,47.0,0.547,40.8,LOW,110,-146,2026-09-30,3.5,165.5,3.98320987654321,0.5427,0.4573,0.0,1.0,2.0,4.0,6.0,7.0,deterministic_empirical_minutes_x_rate,wnba_empirical_minutes_rates_v2,33.187,,0.12118,unavailable_no_direct_evidence,unavailable_no_direct_evidence,HIGH,"{""applied_matchup_factor"": 0.9483, ""bounded_matchup_factor"": 0.9436, ""conversion_component"": {""reason"": ""no tracking-derived opportunities"", ""status"": ""unavailable_no_direct_evidence""}, ""matchup_sample"": 217, ""matchup_source"": ""position_dvp"", ""model_mean_definition"": ""mean of discrete empirical scenarios"", ""opportunity_component"": {""reason"": ""no tracking-derived opportunities"", ""status"": ""unavailable_no_direct_evidence""}, ""outcome_per_minute_is_box_score_derived"": true, ""playoff_games"": 1, ""playoff_weight_applied"": false, ""pregame_cutoff"": ""2026-09-30"", ""raw_matchup_factor"": 0.9436, ""role_risk"": {""market_selected_side_probability"": 0.4451682953311618, ""prior_5_minutes"": 31.2, ""reasons"": [], ""recent_3_minutes"": 37.0, ""review_required"": false, ""role_verified"": false}, ""sample_games"": 45, ""shrinkage_weight"": 0.9156, ""slate_season_type"": ""PLAYOFF"", ""source"": ""wnba_player_game_logs""}",0.5427,0.4451682953311618,9.753170466883814,0.13967000000000002,110.0
Georgia Amoore,WSH,ATL,AST,3.5,3.4,3.0,3.0,-14.3,UNDER,58.0,0.622,40.5,MEDIUM,130,-174,2026-09-30,3.5,165.5,2.999506172839506,0.3556,0.6444,0.0,1.0,2.0,3.0,4.0,5.0,deterministic_empirical_minutes_x_rate,wnba_empirical_minutes_rates_v2,23.542,,0.13286,unavailable_no_direct_evidence,unavailable_no_direct_evidence,HIGH,"{""applied_matchup_factor"": 0.9079, ""bounded_matchup_factor"": 0.8993, ""conversion_component"": {""reason"": ""no tracking-derived opportunities"", ""status"": ""unavailable_no_direct_evidence""}, ""matchup_sample"": 216, ""matchup_source"": ""position_dvp"", ""model_mean_definition"": ""mean of discrete empirical scenarios"", ""opportunity_component"": {""reason"": ""no tracking-derived opportunities"", ""status"": ""unavailable_no_direct_evidence""}, ""outcome_per_minute_is_box_score_derived"": true, ""playoff_games"": 1, ""playoff_weight_applied"": false, ""pregame_cutoff"": ""2026-09-30"", ""raw_matchup_factor"": 0.8993, ""role_risk"": {""market_selected_side_probability"": 0.5935924058142985, ""prior_5_minutes"": 25.6, ""reasons"": [], ""recent_3_minutes"": 24.33, ""review_required"": false, ""role_verified"": false}, ""sample_games"": 45, ""shrinkage_weight"": 0.9153, ""slate_season_type"": ""PLAYOFF"", ""source"": ""wnba_player_game_logs""}",0.6444,0.5935924058142985,5.080759418570146,0.014744827586206821,-174.0
Jackie Young,LV,IND,REB,4.5,4.191489361702128,4.2,4.1,-8.9,UNDER,60.0,0.6,39.5,MEDIUM,102,-136,2026-10-01,-3.5,180.5,4.133091896785876,0.4061,0.5939,0.0,1.0,2.0,4.0,6.0,8.0,deterministic_empirical_minutes_x_rate,wnba_empirical_minutes_rates_v2,33.08,,0.12634,unavailable_no_direct_evidence,unavailable_no_direct_evidence,HIGH,"{""applied_matchup_factor"": 0.9492, ""bounded_matchup_factor"": 0.9445, ""conversion_component"": {""reason"": ""no tracking-derived opportunities"", ""status"": ""unavailable_no_direct_evidence""}, ""matchup_sample"": 220, ""matchup_source"": ""position_dvp"", ""model_mean_definition"": ""mean of discrete empirical scenarios"", ""opportunity_component"": {""reason"": ""no tracking-derived opportunities"", ""status"": ""unavailable_no_direct_evidence""}, ""outcome_per_minute_is_box_score_derived"": true, ""playoff_games"": 2, ""playoff_weight_applied"": false, ""pregame_cutoff"": ""2026-10-01"", ""raw_matchup_factor"": 0.9445, ""role_risk"": {""market_selected_side_probability"": 0.5379072681704261, ""prior_5_minutes"": 30.8, ""reasons"": [], ""recent_3_minutes"": 34.67, ""review_required"": false, ""role_verified"": false}, ""sample_games"": 47, ""shrinkage_weight"": 0.9167, ""slate_season_type"": ""PLAYOFF"", ""source"": ""wnba_player_game_logs""}",0.5939,0.5379072681704261,5.599273182957387,0.030591176470588233,-136.0
Jewell Loyd,LV,IND,PTS,8.5,8.022222222222222,11.2,10.3,21.2,OVER,40.0,0.61,39.4,LOW,100,-130,2026-10-01,-3.5,180.5,10.25679012345679,0.5565,0.4435,0.0,3.0,6.0,9.0,13.0,18.0,deterministic_empirical_minutes_x_rate,wnba_empirical_minutes_rates_v2,25.867,,0.38967,unavailable_no_direct_evidence,unavailable_no_direct_evidence,HIGH,"{""applied_matchup_factor"": 1.0334, ""bounded_matchup_factor"": 1.0365, ""conversion_component"": {""reason"": ""no tracking-derived opportunities"", ""status"": ""unavailable_no_direct_evidence""}, ""matchup_sample"": 220, ""matchup_source"": ""position_dvp"", ""model_mean_definition"": ""mean of discrete empirical scenarios"", ""opportunity_component"": {""reason"": ""no tracking-derived opportunities"", ""status"": ""unavailable_no_direct_evidence""}, ""outcome_per_minute_is_box_score_derived"": true, ""playoff_games"": 2, ""playoff_weight_applied"": false, ""pregame_cutoff"": ""2026-10-01"", ""raw_matchup_factor"": 1.0365, ""role_risk"": {""market_selected_side_probability"": 0.4693877551020409, ""prior_5_minutes"": 19.4, ""reasons"": [""recent_minutes_shift""], ""recent_3_minutes"": 28.0, ""review_required"": true, ""role_verified"": false}, ""sample_games"": 45, ""shrinkage_weight"": 0.9167, ""slate_season_type"": ""PLAYOFF"", ""source"": ""wnba_player_game_logs""}",0.5565,0.4693877551020409,8.71122448979591,0.11299999999999999,100.0
Allisha Gray,ATL,WSH,PTS,18.5,19.08695652173913,17.4,17.9,-3.2,UNDER,50.0,0.295,39.1,LOW,-128,-102,2026-09-30,3.5,165.5,17.887996219281664,0.474,0.526,0.0,11.0,14.0,18.0,21.0,24.0,deterministic_empirical_minutes_x_rate,wnba_empirical_minutes_rates_v2,30.974,,0.57822,unavailable_no_direct_evidence,unavailable_no_direct_evidence,HIGH,"{""applied_matchup_factor"": 1.0111, ""bounded_matchup_factor"": 1.0121, ""conversion_component"": {""reason"": ""no tracking-derived opportunities"", ""status"": ""unavailable_no_direct_evidence""}, ""matchup_sample"": 217, ""matchup_source"": ""position_dvp"", ""model_mean_definition"": ""mean of discrete empirical scenarios"", ""opportunity_component"": {""reason"": ""no tracking-derived opportunities"", ""status"": ""unavailable_no_direct_evidence""}, ""outcome_per_minute_is_box_score_derived"": true, ""playoff_games"": 1, ""playoff_weight_applied"": false, ""pregame_cutoff"": ""2026-09-30"", ""raw_matchup_factor"": 1.0121, ""role_risk"": {""market_selected_side_probability"": 0.4735298908617039, ""prior_5_minutes"": 30.6, ""reasons"": [], ""recent_3_minutes"": 33.33, ""review_required"": false, ""role_verified"": false}, ""sample_games"": 46, ""shrinkage_weight"": 0.9156, ""slate_season_type"": ""PLAYOFF"", ""source"": ""wnba_player_game_logs""}",0.526,0.4735298908617039,5.247010913829614,0.041686274509804,-102.0
Angel Reese,ATL,WSH,PTS,14.5,15.955555555555556,18.0,15.8,9.0,OVER,62.0,0.391,38.8,LOW,-128,-102,2026-09-30,3.5,165.5,15.818271604938271,0.5402,0.4598,0.0,8.0,11.0,15.0,19.0,25.0,deterministic_empirical_minutes_x_rate,wnba_empirical_minutes_rates_v2,28.302,,0.60718,unavailable_no_direct_evidence,unavailable_no_direct_evidence,HIGH,"{""applied_matchup_factor"": 0.92, ""bounded_matchup_factor"": 0.9103, ""conversion_component"": {""reason"": ""no tracking-derived opportunities"", ""status"": ""unavailable_no_direct_evidence""}, ""matchup_sample"": 165, ""matchup_source"": ""position_dvp"", ""model_mean_definition"": ""mean of discrete empirical scenarios"", ""opportunity_component"": {""reason"": ""no tracking-derived opportunities"", ""status"": ""unavailable_no_direct_evidence""}, ""outcome_per_minute_is_box_score_derived"": true, ""playoff_games"": 1, ""playoff_weight_applied"": false, ""pregame_cutoff"": ""2026-09-30"", ""raw_matchup_factor"": 0.9103, ""role_risk"": {""market_selected_side_probability"": 0.5264701091382962, ""prior_5_minutes"": 32.4, ""reasons"": [], ""recent_3_minutes"": 27.0, ""review_required"": false, ""role_verified"": false}, ""sample_games"": 45, ""shrinkage_weight"": 0.8919, ""slate_season_type"": ""PLAYOFF"", ""source"": ""wnba_player_game_logs""}",0.5402,0.5264701091382962,1.3729890861703842,-0.03776874999999996,-128.0
Sonia Citron,WSH,ATL,REB,3.5,3.761904761904762,4.6,4.2,20.0,OVER,50.0,0.572,38.5,LOW,-118,-112,2026-09-30,3.5,165.5,4.172335600907029,0.5833,0.4167,0.0,1.0,3.0,4.0,6.0,7.0,deterministic_empirical_minutes_x_rate,wnba_empirical_minutes_rates_v2,31.97,,0.13378,unavailable_no_direct_evidence,unavailable_no_direct_evidence,HIGH,"{""applied_matchup_factor"": 0.9347, ""bounded_matchup_factor"": 0.9287, ""conversion_component"": {""reason"": ""no tracking-derived opportunities"", ""status"": ""unavailable_no_direct_evidence""}, ""matchup_sample"": 216, ""matchup_source"": ""position_dvp"", ""model_mean_definition"": ""mean of discrete empirical scenarios"", ""opportunity_component"": {""reason"": ""no tracking-derived opportunities"", ""status"": ""unavailable_no_direct_evidence""}, ""outcome_per_minute_is_box_score_derived"": true, ""playoff_games"": 1, ""playoff_weight_applied"": false, ""pregame_cutoff"": ""2026-09-30"", ""raw_matchup_factor"": 0.9287, ""role_risk"": {""market_selected_side_probability"": 0.5060689431946916, ""prior_5_minutes"": 32.0, ""reasons"": [], ""recent_3_minutes"": 31.0, ""review_required"": false, ""role_verified"": false}, ""sample_games"": 42, ""shrinkage_weight"": 0.9153, ""slate_season_type"": ""PLAYOFF"", ""source"": ""wnba_player_game_logs""}",0.5833,0.5060689431946916,7.723105680530839,0.07762203389830508,-118.0
DeWanna Bonner,ATL,WSH,PTS,8.5,10.44186046511628,9.8,8.9,4.7,OVER,65.0,0.535,37.8,LOW,104,-135,2026-09-30,3.5,165.5,8.87506760411033,0.4862,0.5138,0.0,3.0,5.0,8.0,12.0,15.0,deterministic_empirical_minutes_x_rate,wnba_empirical_minutes_rates_v2,23.75,,0.40552,unavailable_no_direct_evidence,unavailable_no_direct_evidence,HIGH,"{""applied_matchup_factor"": 0.92, ""bounded_matchup_factor"": 0.9103, ""conversion_component"": {""reason"": ""no tracking-derived opportunities"", ""status"": ""unavailable_no_direct_evidence""}, ""matchup_sample"": 165, ""matchup_source"": ""position_dvp"", ""model_mean_definition"": ""mean of discrete empirical scenarios"", ""opportunity_component"": {""reason"": ""no tracking-derived opportunities"", ""status"": ""unavailable_no_direct_evidence""}, ""outcome_per_minute_is_box_score_derived"": true, ""playoff_games"": 1, ""playoff_weight_applied"": false, ""pregame_cutoff"": ""2026-09-30"", ""raw_matchup_factor"": 0.9103, ""role_risk"": {""market_selected_side_probability"": 0.46042319749216293, ""prior_5_minutes"": 22.4, ""reasons"": [], ""recent_3_minutes"": 25.67, ""review_required"": false, ""role_verified"": false}, ""sample_games"": 43, ""shrinkage_weight"": 0.8919, ""slate_season_type"": ""PLAYOFF"", ""source"": ""wnba_player_game_logs""}",0.4862,0.46042319749216293,2.5776802507837093,-0.008152000000000048,104.0
Tiffany Hayes,GS,DAL,AST,2.5,2.5813953488372094,4.0,3.3,32.0,OVER,49.0,0.661,37.6,LOW,-102,-130,2026-09-30,4.5,156.5,3.262303948080043,0.5614,0.4386,0.0,0.0,1.0,3.0,5.0,7.0,deterministic_empirical_minutes_x_rate,wnba_empirical_minutes_rates_v2,18.939,,0.17123,unavailable_no_direct_evidence,unavailable_no_direct_evidence,HIGH,"{""applied_matchup_factor"": 0.9973, ""bounded_matchup_factor"": 0.9971, ""conversion_component"": {""reason"": ""no tracking-derived opportunities"", ""status"": ""unavailable_no_direct_evidence""}, ""matchup_sample"": 211, ""matchup_source"": ""position_dvp"", ""model_mean_definition"": ""mean of discrete empirical scenarios"", ""opportunity_component"": {""reason"": ""no tracking-derived opportunities"", ""status"": ""unavailable_no_direct_evidence""}, ""outcome_per_minute_is_box_score_derived"": true, ""playoff_games"": 1, ""playoff_weight_applied"": false, ""pregame_cutoff"": ""2026-09-30"", ""raw_matchup_factor"": 0.9971, ""role_risk"": {""market_selected_side_probability"": 0.4718423169750604, ""prior_5_minutes"": 16.2, ""reasons"": [], ""recent_3_minutes"": 19.0, ""review_required"": false, ""role_verified"": false}, ""sample_games"": 43, ""shrinkage_weight"": 0.9134, ""slate_season_type"": ""PLAYOFF"", ""source"": ""wnba_player_game_logs""}",0.5614,0.4718423169750604,8.955768302493961,0.11179215686274513,-102.0
Arike Ogunbowale,DAL,GS,AST,3.5,3.311111111111111,4.4,3.9,11.4,OVER,47.0,0.63,37.2,LOW,116,-154,2026-09-30,4.5,156.5,3.8696296296296295,0.5195,0.4805,0.0,1.0,1.0,4.0,6.0,7.0,deterministic_empirical_minutes_x_rate,wnba_empirical_minutes_rates_v2,30.591,,0.12899,unavailable_no_direct_evidence,unavailable_no_direct_evidence,HIGH,"{""applied_matchup_factor"": 0.9438, ""bounded_matchup_factor"": 0.9384, ""conversion_component"": {""reason"": ""no tracking-derived opportunities"", ""status"": ""unavailable_no_direct_evidence""}, ""matchup_sample"": 209, ""matchup_source"": ""position_dvp"", ""model_mean_definition"": ""mean of discrete empirical scenarios"", ""opportunity_component"": {""reason"": ""no tracking-derived opportunities"", ""status"": ""unavailable_no_direct_evidence""}, ""outcome_per_minute_is_box_score_derived"": true, ""playoff_games"": 1, ""playoff_weight_applied"": false, ""pregame_cutoff"": ""2026-09-30"", ""raw_matchup_factor"": 0.9384, ""role_risk"": {""market_selected_side_probability"": 0.4329742261011864, ""prior_5_minutes"": 28.4, ""reasons"": [], ""recent_3_minutes"": 30.33, ""review_required"": false, ""role_verified"": false}, ""sample_games"": 45, ""shrinkage_weight"": 0.9127, ""slate_season_type"": ""PLAYOFF"", ""source"": ""wnba_player_game_logs""}",0.5195,0.4329742261011864,8.652577389881355,0.12211999999999995,116.0
Sophie Cunningham,IND,LV,3PM,1.5,1.5555555555555556,1.2,1.1,-26.7,UNDER,56.0,0.984,37.2,LOW,140,-188,2026-10-01,-3.5,180.5,1.1185185185185185,0.2904,0.7096,0.0,0.0,0.0,1.0,2.0,3.0,deterministic_empirical_minutes_x_rate,wnba_empirical_minutes_rates_v2,21.449,,0.05121,unavailable_no_direct_evidence,unavailable_no_direct_evidence,HIGH,"{""applied_matchup_factor"": 0.9923, ""bounded_matchup_factor"": 0.9916, ""conversion_component"": {""reason"": ""no tracking-derived opportunities"", ""status"": ""unavailable_no_direct_evidence""}, ""matchup_sample"": 232, ""matchup_source"": ""position_dvp"", ""model_mean_definition"": ""mean of discrete empirical scenarios"", ""opportunity_component"": {""reason"": ""no tracking-derived opportunities"", ""status"": ""unavailable_no_direct_evidence""}, ""outcome_per_minute_is_box_score_derived"": true, ""playoff_games"": 2, ""playoff_weight_applied"": false, ""pregame_cutoff"": ""2026-10-01"", ""raw_matchup_factor"": 0.9916, ""role_risk"": {""market_selected_side_probability"": 0.6103896103896104, ""prior_5_minutes"": 16.2, ""reasons"": [""recent_minutes_shift""], ""recent_3_minutes"": 22.67, ""review_required"": true, ""role_verified"": false}, ""sample_games"": 45, ""shrinkage_weight"": 0.9206, ""slate_season_type"": ""PLAYOFF"", ""source"": ""wnba_player_game_logs""}",0.7096,0.6103896103896104,9.921038961038963,0.08704680851063828,-188.0
Paige Bueckers,DAL,GS,AST,5.5,5.818181818181818,4.8,5.0,-9.1,UNDER,43.0,0.447,37.1,LOW,126,-168,2026-09-30,4.5,156.5,5.028925619834711,0.3822,0.6178,0.0,2.0,3.0,5.0,7.0,8.0,deterministic_empirical_minutes_x_rate,wnba_empirical_minutes_rates_v2,30.355,,0.16856,unavailable_no_direct_evidence,unavailable_no_direct_evidence,HIGH,"{""applied_matchup_factor"": 0.9438, ""bounded_matchup_factor"": 0.9384, ""conversion_component"": {""reason"": ""no tracking-derived opportunities"", ""status"": ""unavailable_no_direct_evidence""}, ""matchup_sample"": 209, ""matchup_source"": ""position_dvp"", ""model_mean_definition"": ""mean of discrete empirical scenarios"", ""opportunity_component"": {""reason"": ""no tracking-derived opportunities"", ""status"": ""unavailable_no_direct_evidence""}, ""outcome_per_minute_is_box_score_derived"": true, ""playoff_games"": 1, ""playoff_weight_applied"": false, ""pregame_cutoff"": ""2026-09-30"", ""raw_matchup_factor"": 0.9384, ""role_risk"": {""market_selected_side_probability"": 0.5862154150197628, ""prior_5_minutes"": 28.2, ""reasons"": [], ""recent_3_minutes"": 29.33, ""review_required"": false, ""role_verified"": false}, ""sample_games"": 44, ""shrinkage_weight"": 0.9127, ""slate_season_type"": ""PLAYOFF"", ""source"": ""wnba_player_game_logs""}",0.6178,0.5862154150197628,3.1584584980237196,-0.014461904761904731,-168.0
Kiki Iriafen,WSH,ATL,REB,9.5,9.627906976744185,11.8,9.8,3.2,OVER,58.0,0.366,36.5,LOW,-140,106,2026-09-30,3.5,165.5,9.762574364521363,0.5484,0.4516,0.0,5.0,7.0,10.0,12.0,14.0,deterministic_empirical_minutes_x_rate,wnba_empirical_minutes_rates_v2,26.098,,0.41579,unavailable_no_direct_evidence,unavailable_no_direct_evidence,HIGH,"{""applied_matchup_factor"": 0.8999, ""bounded_matchup_factor"": 0.8878, ""conversion_component"": {""reason"": ""no tracking-derived opportunities"", ""status"": ""unavailable_no_direct_evidence""}, ""matchup_sample"": 165, ""matchup_source"": ""position_dvp"", ""model_mean_definition"": ""mean of discrete empirical scenarios"", ""opportunity_component"": {""reason"": ""no tracking-derived opportunities"", ""status"": ""unavailable_no_direct_evidence""}, ""outcome_per_minute_is_box_score_derived"": true, ""playoff_games"": 1, ""playoff_weight_applied"": false, ""pregame_cutoff"": ""2026-09-30"", ""raw_matchup_factor"": 0.8878, ""role_risk"": {""market_selected_side_probability"": 0.5457986373959123, ""prior_5_minutes"": 28.2, ""reasons"": [], ""recent_3_minutes"": 24.33, ""review_required"": false, ""role_verified"": false}, ""sample_games"": 43, ""shrinkage_weight"": 0.8919, ""slate_season_type"": ""PLAYOFF"", ""source"": ""wnba_player_game_logs""}",0.5484,0.5457986373959123,0.260136260408772,-0.059885714285714264,-140.0
A'ja Wilson,LV,IND,3PM,0.5,0.9090909090909091,0.8,0.9,80.0,OVER,66.0,0.913,36.2,LOW,-154,116,2026-10-01,-3.5,180.5,0.8765495867768595,0.6493,0.3507,0.0,0.0,0.0,1.0,1.0,2.0,deterministic_empirical_minutes_x_rate,wnba_empirical_minutes_rates_v2,32.611,,0.02537,unavailable_no_direct_evidence,unavailable_no_direct_evidence,HIGH,"{""applied_matchup_factor"": 0.8533, ""bounded_matchup_factor"": 0.8, ""conversion_component"": {""reason"": ""no tracking-derived opportunities"", ""status"": ""unavailable_no_direct_evidence""}, ""matchup_sample"": 55, ""matchup_source"": ""position_dvp"", ""model_mean_definition"": ""mean of discrete empirical scenarios"", ""opportunity_component"": {""reason"": ""no tracking-derived opportunities"", ""status"": ""unavailable_no_direct_evidence""}, ""outcome_per_minute_is_box_score_derived"": true, ""playoff_games"": 2, ""playoff_weight_applied"": false, ""pregame_cutoff"": ""2026-10-01"", ""raw_matchup_factor"": 0.7662, ""role_risk"": {""market_selected_side_probability"": 0.5670257738988136, ""prior_5_minutes"": 30.2, ""reasons"": [""book_line_far_from_historical_average_without_verified_role""], ""recent_3_minutes"": 34.67, ""review_required"": true, ""role_verified"": false}, ""sample_games"": 44, ""shrinkage_weight"": 0.7333, ""slate_season_type"": ""PLAYOFF"", ""source"": ""wnba_player_game_logs""}",0.6493,0.5670257738988136,8.22742261011864,0.07092337662337661,-154.0
Arike Ogunbowale,DAL,GS,PTS,13.5,15.155555555555555,14.6,12.6,-6.7,UNDER,40.0,0.537,36.1,LOW,-122,-106,2026-09-30,4.5,156.5,12.636543209876542,0.4672,0.5328,0.0,4.0,7.0,13.0,18.0,21.0,deterministic_empirical_minutes_x_rate,wnba_empirical_minutes_rates_v2,30.591,,0.46953,unavailable_no_direct_evidence,unavailable_no_direct_evidence,HIGH,"{""applied_matchup_factor"": 0.8751, ""bounded_matchup_factor"": 0.8631, ""conversion_component"": {""reason"": ""no tracking-derived opportunities"", ""status"": ""unavailable_no_direct_evidence""}, ""matchup_sample"": 209, ""matchup_source"": ""position_dvp"", ""model_mean_definition"": ""mean of discrete empirical scenarios"", ""opportunity_component"": {""reason"": ""no tracking-derived opportunities"", ""status"": ""unavailable_no_direct_evidence""}, ""outcome_per_minute_is_box_score_derived"": true, ""playoff_games"": 1, ""playoff_weight_applied"": false, ""pregame_cutoff"": ""2026-09-30"", ""raw_matchup_factor"": 0.8631, ""role_risk"": {""market_selected_side_probability"": 0.483560743054414, ""prior_5_minutes"": 28.4, ""reasons"": [], ""recent_3_minutes"": 30.33, ""review_required"": false, ""role_verified"": false}, ""sample_games"": 45, ""shrinkage_weight"": 0.9127, ""slate_season_type"": ""PLAYOFF"", ""source"": ""wnba_player_game_logs""}",0.5328,0.483560743054414,4.923925694558607,0.03544150943396235,-106.0
Chelsea Gray,LV,IND,AST,6.5,6.695652173913044,6.2,6.4,-1.5,UNDER,48.0,0.329,36.0,LOW,-114,-118,2026-10-01,-3.5,180.5,6.378071833648393,0.4551,0.5449,0.0,4.0,5.0,6.0,8.0,9.0,deterministic_empirical_minutes_x_rate,wnba_empirical_minutes_rates_v2,33.428,,0.19053,unavailable_no_direct_evidence,unavailable_no_direct_evidence,HIGH,"{""applied_matchup_factor"": 1.0037, ""bounded_matchup_factor"": 1.004, ""conversion_component"": {""reason"": ""no tracking-derived opportunities"", ""status"": ""unavailable_no_direct_evidence""}, ""matchup_sample"": 220, ""matchup_source"": ""position_dvp"", ""model_mean_definition"": ""mean of discrete empirical scenarios"", ""opportunity_component"": {""reason"": ""no tracking-derived opportunities"", ""status"": ""unavailable_no_direct_evidence""}, ""outcome_per_minute_is_box_score_derived"": true, ""playoff_games"": 2, ""playoff_weight_applied"": false, ""pregame_cutoff"": ""2026-10-01"", ""raw_matchup_factor"": 1.004, ""role_risk"": {""market_selected_side_probability"": 0.5039916972696792, ""prior_5_minutes"": 29.0, ""reasons"": [""recent_minutes_shift""], ""recent_3_minutes"": 35.67, ""review_required"": true, ""role_verified"": false}, ""sample_games"": 46, ""shrinkage_weight"": 0.9167, ""slate_season_type"": ""PLAYOFF"", ""source"": ""wnba_player_game_logs""}",0.5449,0.5039916972696792,4.090830273032086,0.006679661016949168,-118.0
Cecilia Zandalasini,GS,DAL,PTS,8.5,8.947368421052632,11.6,10.5,23.5,OVER,42.0,0.64,35.6,LOW,-106,-122,2026-09-30,4.5,156.5,10.530470914127424,0.5429,0.4571,0.0,4.0,6.0,9.0,14.0,20.0,deterministic_empirical_minutes_x_rate,wnba_empirical_minutes_rates_v2,18.499,,0.56894,unavailable_no_direct_evidence,unavailable_no_direct_evidence,HIGH,"{""applied_matchup_factor"": 1.0008, ""bounded_matchup_factor"": 1.0008, ""conversion_component"": {""reason"": ""no tracking-derived opportunities"", ""status"": ""unavailable_no_direct_evidence""}, ""matchup_sample"": 160, ""matchup_source"": ""position_dvp"", ""model_mean_definition"": ""mean of discrete empirical scenarios"", ""opportunity_component"": {""reason"": ""no tracking-derived opportunities"", ""status"": ""unavailable_no_direct_evidence""}, ""outcome_per_minute_is_box_score_derived"": true, ""playoff_games"": 1, ""playoff_weight_applied"": false, ""pregame_cutoff"": ""2026-09-30"", ""raw_matchup_factor"": 1.0008, ""role_risk"": {""market_selected_side_probability"": 0.483560743054414, ""prior_5_minutes"": 22.8, ""reasons"": [""recent_minutes_shift""], ""recent_3_minutes"": 16.33, ""review_required"": true, ""role_verified"": false}, ""sample_games"": 38, ""shrinkage_weight"": 0.8889, ""slate_season_type"": ""PLAYOFF"", ""source"": ""wnba_player_game_logs""}",0.5429,0.483560743054414,5.9339256945586065,0.05506981132075478,-106.0
Jackie Young,LV,IND,PTS,20.5,19.148936170212767,18.8,19.5,-4.9,UNDER,51.0,0.438,35.1,LOW,-128,-102,2026-10-01,-3.5,180.5,19.522408329560886,0.4799,0.5201,0.0,8.0,14.0,20.0,26.0,30.0,deterministic_empirical_minutes_x_rate,wnba_empirical_minutes_rates_v2,33.08,,0.56897,unavailable_no_direct_evidence,unavailable_no_direct_evidence,HIGH,"{""applied_matchup_factor"": 1.0334, ""bounded_matchup_factor"": 1.0365, ""conversion_component"": {""reason"": ""no tracking-derived opportunities"", ""status"": ""unavailable_no_direct_evidence""}, ""matchup_sample"": 220, ""matchup_source"": ""position_dvp"", ""model_mean_definition"": ""mean of discrete empirical scenarios"", ""opportunity_component"": {""reason"": ""no tracking-derived opportunities"", ""status"": ""unavailable_no_direct_evidence""}, ""outcome_per_minute_is_box_score_derived"": true, ""playoff_games"": 2, ""playoff_weight_applied"": false, ""pregame_cutoff"": ""2026-10-01"", ""raw_matchup_factor"": 1.0365, ""role_risk"": {""market_selected_side_probability"": 0.4735298908617039, ""prior_5_minutes"": 30.8, ""reasons"": [], ""recent_3_minutes"": 34.67, ""review_required"": false, ""role_verified"": false}, ""sample_games"": 47, ""shrinkage_weight"": 0.9167, ""slate_season_type"": ""PLAYOFF"", ""source"": ""wnba_player_game_logs""}",0.5201,0.4735298908617039,4.6570109138296125,0.03000196078431372,-102.0
Allisha Gray,ATL,WSH,3PM,1.5,1.891304347826087,1.4,1.6,6.7,UNDER,52.0,0.843,34.9,LOW,-110,-120,2026-09-30,3.5,165.5,1.6195652173913044,0.4017,0.5983,0.0,0.0,1.0,1.0,2.0,4.0,deterministic_empirical_minutes_x_rate,wnba_empirical_minutes_rates_v2,30.974,,0.0503,unavailable_no_direct_evidence,unavailable_no_direct_evidence,HIGH,"{""applied_matchup_factor"": 0.9573, ""bounded_matchup_factor"": 0.9533, ""conversion_component"": {""reason"": ""no tracking-derived opportunities"", ""status"": ""unavailable_no_direct_evidence""}, ""matchup_sample"": 217, ""matchup_source"": ""position_dvp"", ""model_mean_definition"": ""mean of discrete empirical scenarios"", ""opportunity_component"": {""reason"": ""no tracking-derived opportunities"", ""status"": ""unavailable_no_direct_evidence""}, ""outcome_per_minute_is_box_score_derived"": true, ""playoff_games"": 1, ""playoff_weight_applied"": false, ""pregame_cutoff"": ""2026-09-30"", ""raw_matchup_factor"": 0.9533, ""role_risk"": {""market_selected_side_probability"": 0.5101214574898786, ""prior_5_minutes"": 30.6, ""reasons"": [], ""recent_3_minutes"": 33.33, ""review_required"": false, ""role_verified"": false}, ""sample_games"": 46, ""shrinkage_weight"": 0.9156, ""slate_season_type"": ""PLAYOFF"", ""source"": ""wnba_player_game_logs""}",0.5983,0.5101214574898786,8.817854251012147,0.09688333333333338,-120.0
Sonia Citron,WSH,ATL,3PM,1.5,1.4047619047619047,2.0,1.7,13.3,UNDER,62.0,0.89,34.6,LOW,-102,-130,2026-09-30,3.5,165.5,1.683106575963719,0.4031,0.5969,0.0,0.0,1.0,1.0,2.0,4.0,deterministic_empirical_minutes_x_rate,wnba_empirical_minutes_rates_v2,31.97,,0.0563,unavailable_no_direct_evidence,unavailable_no_direct_evidence,HIGH,"{""applied_matchup_factor"": 0.9084, ""bounded_matchup_factor"": 0.8999, ""conversion_component"": {""reason"": ""no tracking-derived opportunities"", ""status"": ""unavailable_no_direct_evidence""}, ""matchup_sample"": 216, ""matchup_source"": ""position_dvp"", ""model_mean_definition"": ""mean of discrete empirical scenarios"", ""opportunity_component"": {""reason"": ""no tracking-derived opportunities"", ""status"": ""unavailable_no_direct_evidence""}, ""outcome_per_minute_is_box_score_derived"": true, ""playoff_games"": 1, ""playoff_weight_applied"": false, ""pregame_cutoff"": ""2026-09-30"", ""raw_matchup_factor"": 0.8999, ""role_risk"": {""market_selected_side_probability"": 0.5281576830249397, ""prior_5_minutes"": 32.0, ""reasons"": [], ""recent_3_minutes"": 31.0, ""review_required"": false, ""role_verified"": false}, ""sample_games"": 42, ""shrinkage_weight"": 0.9153, ""slate_season_type"": ""PLAYOFF"", ""source"": ""wnba_player_game_logs""}",0.5969,0.5281576830249397,6.874231697506028,0.056053846153846176,-130.0
Lexie Hull,IND,LV,PTS,3.5,5.173913043478261,3.6,4.1,17.1,OVER,63.0,0.8,33.2,LOW,-125,-104,2026-10-01,-3.5,180.5,4.0633270321361055,0.5378,0.4622,0.0,0.0,2.0,4.0,6.0,8.0,deterministic_empirical_minutes_x_rate,wnba_empirical_minutes_rates_v2,17.584,,0.23202,unavailable_no_direct_evidence,unavailable_no_direct_evidence,HIGH,"{""applied_matchup_factor"": 1.0039, ""bounded_matchup_factor"": 1.0042, ""conversion_component"": {""reason"": ""no tracking-derived opportunities"", ""status"": ""unavailable_no_direct_evidence""}, ""matchup_sample"": 232, ""matchup_source"": ""position_dvp"", ""model_mean_definition"": ""mean of discrete empirical scenarios"", ""opportunity_component"": {""reason"": ""no tracking-derived opportunities"", ""status"": ""unavailable_no_direct_evidence""}, ""outcome_per_minute_is_box_score_derived"": true, ""playoff_games"": 2, ""playoff_weight_applied"": false, ""pregame_cutoff"": ""2026-10-01"", ""raw_matchup_factor"": 1.0042, ""role_risk"": {""market_selected_side_probability"": 0.5214723926380368, ""prior_5_minutes"": 17.2, ""reasons"": [], ""recent_3_minutes"": 20.33, ""review_required"": false, ""role_verified"": false}, ""sample_games"": 46, ""shrinkage_weight"": 0.9206, ""slate_season_type"": ""PLAYOFF"", ""source"": ""wnba_player_game_logs""}",0.5378,0.5214723926380368,1.6327607361963148,-0.031960000000000044,-125.0
Chelsea Gray,LV,IND,PTS,12.5,11.934782608695652,13.6,13.4,7.2,UNDER,63.0,0.464,33.2,LOW,-114,-114,2026-10-01,-3.5,180.5,13.395557655954631,0.4943,0.5057,0.0,6.0,9.0,12.0,18.0,21.0,deterministic_empirical_minutes_x_rate,wnba_empirical_minutes_rates_v2,33.428,,0.38988,unavailable_no_direct_evidence,unavailable_no_direct_evidence,HIGH,"{""applied_matchup_factor"": 1.0334, ""bounded_matchup_factor"": 1.0365, ""conversion_component"": {""reason"": ""no tracking-derived opportunities"", ""status"": ""unavailable_no_direct_evidence""}, ""matchup_sample"": 220, ""matchup_source"": ""position_dvp"", ""model_mean_definition"": ""mean of discrete empirical scenarios"", ""opportunity_component"": {""reason"": ""no tracking-derived opportunities"", ""status"": ""unavailable_no_direct_evidence""}, ""outcome_per_minute_is_box_score_derived"": true, ""playoff_games"": 2, ""playoff_weight_applied"": false, ""pregame_cutoff"": ""2026-10-01"", ""raw_matchup_factor"": 1.0365, ""role_risk"": {""market_selected_side_probability"": 0.5, ""prior_5_minutes"": 29.0, ""reasons"": [""recent_minutes_shift""], ""recent_3_minutes"": 35.67, ""review_required"": true, ""role_verified"": false}, ""sample_games"": 46, ""shrinkage_weight"": 0.9167, ""slate_season_type"": ""PLAYOFF"", ""source"": ""wnba_player_game_logs""}",0.5057,0.5,0.5700000000000038,-0.050703508771929806,-114.0
Georgia Amoore,WSH,ATL,PTS,7.5,7.022222222222222,10.6,8.8,17.3,OVER,49.0,0.731,33.1,LOW,-114,-114,2026-09-30,3.5,165.5,8.77283950617284,0.5689,0.4311,0.0,0.0,4.0,9.0,12.0,17.0,deterministic_empirical_minutes_x_rate,wnba_empirical_minutes_rates_v2,23.542,,0.38628,unavailable_no_direct_evidence,unavailable_no_direct_evidence,HIGH,"{""applied_matchup_factor"": 0.9583, ""bounded_matchup_factor"": 0.9544, ""conversion_component"": {""reason"": ""no tracking-derived opportunities"", ""status"": ""unavailable_no_direct_evidence""}, ""matchup_sample"": 216, ""matchup_source"": ""position_dvp"", ""model_mean_definition"": ""mean of discrete empirical scenarios"", ""opportunity_component"": {""reason"": ""no tracking-derived opportunities"", ""status"": ""unavailable_no_direct_evidence""}, ""outcome_per_minute_is_box_score_derived"": true, ""playoff_games"": 1, ""playoff_weight_applied"": false, ""pregame_cutoff"": ""2026-09-30"", ""raw_matchup_factor"": 0.9544, ""role_risk"": {""market_selected_side_probability"": 0.5, ""prior_5_minutes"": 25.6, ""reasons"": [], ""recent_3_minutes"": 24.33, ""review_required"": false, ""role_verified"": false}, ""sample_games"": 45, ""shrinkage_weight"": 0.9153, ""slate_season_type"": ""PLAYOFF"", ""source"": ""wnba_player_game_logs""}",0.5689,0.5,6.889999999999996,0.06793508771929818,-114.0
Veronica Burton,GS,DAL,3PM,1.5,1.4,1.2,1.3,-13.3,UNDER,53.0,0.653,33.0,LOW,120,-160,2026-09-30,4.5,156.5,1.317037037037037,0.3812,0.6188,0.0,0.0,1.0,1.0,2.0,3.0,deterministic_empirical_minutes_x_rate,wnba_empirical_minutes_rates_v2,28.658,,0.04498,unavailable_no_direct_evidence,unavailable_no_direct_evidence,HIGH,"{""applied_matchup_factor"": 1.013, ""bounded_matchup_factor"": 1.0142, ""conversion_component"": {""reason"": ""no tracking-derived opportunities"", ""status"": ""unavailable_no_direct_evidence""}, ""matchup_sample"": 211, ""matchup_source"": ""position_dvp"", ""model_mean_definition"": ""mean of discrete empirical scenarios"", ""opportunity_component"": {""reason"": ""no tracking-derived opportunities"", ""status"": ""unavailable_no_direct_evidence""}, ""outcome_per_minute_is_box_score_derived"": true, ""playoff_games"": 1, ""playoff_weight_applied"": false, ""pregame_cutoff"": ""2026-09-30"", ""raw_matchup_factor"": 1.0142, ""role_risk"": {""market_selected_side_probability"": 0.5751633986928104, ""prior_5_minutes"": 26.4, ""reasons"": [], ""recent_3_minutes"": 29.33, ""review_required"": false, ""role_verified"": false}, ""sample_games"": 45, ""shrinkage_weight"": 0.9134, ""slate_season_type"": ""PLAYOFF"", ""source"": ""wnba_player_game_logs""}",0.6188,0.5751633986928104,4.36366013071896,0.005550000000000055,-160.0
Kelsey Mitchell,IND,LV,AST,2.5,2.6808510638297873,2.0,2.3,-8.0,UNDER,49.0,0.593,32.2,LOW,-104,-128,2026-10-01,-3.5,180.5,2.3435943866002718,0.4468,0.5532,0.0,1.0,2.0,2.0,3.0,4.0,deterministic_empirical_minutes_x_rate,wnba_empirical_minutes_rates_v2,30.662,,0.0753,unavailable_no_direct_evidence,unavailable_no_direct_evidence,HIGH,"{""applied_matchup_factor"": 0.9291, ""bounded_matchup_factor"": 0.923, ""conversion_component"": {""reason"": ""no tracking-derived opportunities"", ""status"": ""unavailable_no_direct_evidence""}, ""matchup_sample"": 232, ""matchup_source"": ""position_dvp"", ""model_mean_definition"": ""mean of discrete empirical scenarios"", ""opportunity_component"": {""reason"": ""no tracking-derived opportunities"", ""status"": ""unavailable_no_direct_evidence""}, ""outcome_per_minute_is_box_score_derived"": true, ""playoff_games"": 2, ""playoff_weight_applied"": false, ""pregame_cutoff"": ""2026-10-01"", ""raw_matchup_factor"": 0.923, ""role_risk"": {""market_selected_side_probability"": 0.5240847784200385, ""prior_5_minutes"": 32.2, ""reasons"": [], ""recent_3_minutes"": 28.67, ""review_required"": false, ""role_verified"": false}, ""sample_games"": 47, ""shrinkage_weight"": 0.9206, ""slate_season_type"": ""PLAYOFF"", ""source"": ""wnba_player_game_logs""}",0.5532,0.5240847784200385,2.911522157996149,-0.014612499999999973,-128.0
Gabby Williams,GS,DAL,3PM,1.5,1.7804878048780488,2.2,2.2,46.7,OVER,56.0,0.799,32.1,LOW,-136,102,2026-09-30,4.5,156.5,2.2349791790600833,0.5937,0.4063,0.0,0.0,0.0,2.0,4.0,5.0,deterministic_empirical_minutes_x_rate,wnba_empirical_minutes_rates_v2,25.269,,0.08794,unavailable_no_direct_evidence,unavailable_no_direct_evidence,HIGH,"{""applied_matchup_factor"": 0.9383, ""bounded_matchup_factor"": 0.9306, ""conversion_component"": {""reason"": ""no tracking-derived opportunities"", ""status"": ""unavailable_no_direct_evidence""}, ""matchup_sample"": 160, ""matchup_source"": ""position_dvp"", ""model_mean_definition"": ""mean of discrete empirical scenarios"", ""opportunity_component"": {""reason"": ""no tracking-derived opportunities"", ""status"": ""unavailable_no_direct_evidence""}, ""outcome_per_minute_is_box_score_derived"": true, ""playoff_games"": 1, ""playoff_weight_applied"": false, ""pregame_cutoff"": ""2026-09-30"", ""raw_matchup_factor"": 0.9306, ""role_risk"": {""market_selected_side_probability"": 0.5379072681704261, ""prior_5_minutes"": 22.8, ""reasons"": [""recent_minutes_shift""], ""recent_3_minutes"": 29.33, ""review_required"": true, ""role_verified"": false}, ""sample_games"": 41, ""shrinkage_weight"": 0.8889, ""slate_season_type"": ""PLAYOFF"", ""source"": ""wnba_player_game_logs""}",0.5937,0.5379072681704261,5.579273182957389,0.030244117647058866,-136.0
Angel Reese,ATL,WSH,AST,2.5,2.7777777777777777,2.6,2.9,16.0,UNDER,51.0,0.609,30.9,LOW,-112,-118,2026-09-30,3.5,165.5,2.911604938271605,0.4469,0.5531,0.0,1.0,2.0,2.0,4.0,5.0,deterministic_empirical_minutes_x_rate,wnba_empirical_minutes_rates_v2,28.302,,0.10247,unavailable_no_direct_evidence,unavailable_no_direct_evidence,HIGH,"{""applied_matchup_factor"": 1.0234, ""bounded_matchup_factor"": 1.0262, ""conversion_component"": {""reason"": ""no tracking-derived opportunities"", ""status"": ""unavailable_no_direct_evidence""}, ""matchup_sample"": 165, ""matchup_source"": ""position_dvp"", ""model_mean_definition"": ""mean of discrete empirical scenarios"", ""opportunity_component"": {""reason"": ""no tracking-derived opportunities"", ""status"": ""unavailable_no_direct_evidence""}, ""outcome_per_minute_is_box_score_derived"": true, ""playoff_games"": 1, ""playoff_weight_applied"": false, ""pregame_cutoff"": ""2026-09-30"", ""raw_matchup_factor"": 1.0262, ""role_risk"": {""market_selected_side_probability"": 0.5060689431946916, ""prior_5_minutes"": 32.4, ""reasons"": [], ""recent_3_minutes"": 27.0, ""review_required"": false, ""role_verified"": false}, ""sample_games"": 45, ""shrinkage_weight"": 0.8919, ""slate_season_type"": ""PLAYOFF"", ""source"": ""wnba_player_game_logs""}",0.5531,0.5060689431946916,4.7031056805308395,0.021828813559322036,-118.0
Tiffany Hayes,GS,DAL,PTS,9.5,9.30232558139535,12.0,11.0,15.8,OVER,49.0,0.606,30.8,LOW,-114,-114,2026-09-30,4.5,156.5,11.031368307193077,0.5284,0.4716,0.0,2.0,6.0,10.0,15.0,21.0,deterministic_empirical_minutes_x_rate,wnba_empirical_minutes_rates_v2,18.939,,0.58333,unavailable_no_direct_evidence,unavailable_no_direct_evidence,HIGH,"{""applied_matchup_factor"": 0.9967, ""bounded_matchup_factor"": 0.9964, ""conversion_component"": {""reason"": ""no tracking-derived opportunities"", ""status"": ""unavailable_no_direct_evidence""}, ""matchup_sample"": 211, ""matchup_source"": ""position_dvp"", ""model_mean_definition"": ""mean of discrete empirical scenarios"", ""opportunity_component"": {""reason"": ""no tracking-derived opportunities"", ""status"": ""unavailable_no_direct_evidence""}, ""outcome_per_minute_is_box_score_derived"": true, ""playoff_games"": 1, ""playoff_weight_applied"": false, ""pregame_cutoff"": ""2026-09-30"", ""raw_matchup_factor"": 0.9964, ""role_risk"": {""market_selected_side_probability"": 0.5, ""prior_5_minutes"": 16.2, ""reasons"": [], ""recent_3_minutes"": 19.0, ""review_required"": false, ""role_verified"": false}, ""sample_games"": 43, ""shrinkage_weight"": 0.9134, ""slate_season_type"": ""PLAYOFF"", ""source"": ""wnba_player_game_logs""}",0.5284,0.5,2.839999999999998,-0.008091228070175482,-114.0
Jessica Shepard,DAL,GS,AST,4.5,5.25,7.6,5.9,31.1,OVER,52.0,0.609,30.4,LOW,-130,-102,2026-09-30,4.5,156.5,5.934917355371901,0.546,0.454,0.0,2.0,4.0,5.0,8.0,11.0,deterministic_empirical_minutes_x_rate,wnba_empirical_minutes_rates_v2,30.269,,0.21959,unavailable_no_direct_evidence,unavailable_no_direct_evidence,HIGH,"{""applied_matchup_factor"": 0.8901, ""bounded_matchup_factor"": 0.8764, ""conversion_component"": {""reason"": ""no tracking-derived opportunities"", ""status"": ""unavailable_no_direct_evidence""}, ""matchup_sample"": 161, ""matchup_source"": ""position_dvp"", ""model_mean_definition"": ""mean of discrete empirical scenarios"", ""opportunity_component"": {""reason"": ""no tracking-derived opportunities"", ""status"": ""unavailable_no_direct_evidence""}, ""outcome_per_minute_is_box_score_derived"": true, ""playoff_games"": 1, ""playoff_weight_applied"": false, ""pregame_cutoff"": ""2026-09-30"", ""raw_matchup_factor"": 0.8764, ""role_risk"": {""market_selected_side_probability"": 0.5281576830249397, ""prior_5_minutes"": 28.2, ""reasons"": [], ""recent_3_minutes"": 31.0, ""review_required"": false, ""role_verified"": false}, ""sample_games"": 44, ""shrinkage_weight"": 0.8895, ""slate_season_type"": ""PLAYOFF"", ""source"": ""wnba_player_game_logs""}",0.546,0.5281576830249397,1.7842316975060335,-0.033999999999999975,-130.0
Sophie Cunningham,IND,LV,PTS,5.5,7.888888888888889,5.6,5.4,-1.8,UNDER,42.0,0.707,30.4,LOW,-130,100,2026-10-01,-3.5,180.5,5.44641975308642,0.4677,0.5323,0.0,1.0,2.0,5.0,8.0,10.0,deterministic_empirical_minutes_x_rate,wnba_empirical_minutes_rates_v2,21.449,,0.25394,unavailable_no_direct_evidence,unavailable_no_direct_evidence,HIGH,"{""applied_matchup_factor"": 1.0039, ""bounded_matchup_factor"": 1.0042, ""conversion_component"": {""reason"": ""no tracking-derived opportunities"", ""status"": ""unavailable_no_direct_evidence""}, ""matchup_sample"": 232, ""matchup_source"": ""position_dvp"", ""model_mean_definition"": ""mean of discrete empirical scenarios"", ""opportunity_component"": {""reason"": ""no tracking-derived opportunities"", ""status"": ""unavailable_no_direct_evidence""}, ""outcome_per_minute_is_box_score_derived"": true, ""playoff_games"": 2, ""playoff_weight_applied"": false, ""pregame_cutoff"": ""2026-10-01"", ""raw_matchup_factor"": 1.0042, ""role_risk"": {""market_selected_side_probability"": 0.4693877551020409, ""prior_5_minutes"": 16.2, ""reasons"": [""recent_minutes_shift""], ""recent_3_minutes"": 22.67, ""review_required"": true, ""role_verified"": false}, ""sample_games"": 45, ""shrinkage_weight"": 0.9206, ""slate_season_type"": ""PLAYOFF"", ""source"": ""wnba_player_game_logs""}",0.5323,0.4693877551020409,6.29122448979591,0.06459999999999999,100.0
Stephanie Talbot,LV,IND,PTS,5.5,4.1063829787234045,9.4,7.3,32.7,UNDER,72.0,0.855,30.2,LOW,-125,-104,2026-10-01,-3.5,180.5,7.284744228157537,0.5115,0.4885,0.0,0.0,3.0,7.0,10.0,15.0,deterministic_empirical_minutes_x_rate,wnba_empirical_minutes_rates_v2,22.295,,0.30076,unavailable_no_direct_evidence,unavailable_no_direct_evidence,HIGH,"{""applied_matchup_factor"": 1.0942, ""bounded_matchup_factor"": 1.1054, ""conversion_component"": {""reason"": ""no tracking-derived opportunities"", ""status"": ""unavailable_no_direct_evidence""}, ""matchup_sample"": 168, ""matchup_source"": ""position_dvp"", ""model_mean_definition"": ""mean of discrete empirical scenarios"", ""opportunity_component"": {""reason"": ""no tracking-derived opportunities"", ""status"": ""unavailable_no_direct_evidence""}, ""outcome_per_minute_is_box_score_derived"": true, ""playoff_games"": 2, ""playoff_weight_applied"": false, ""pregame_cutoff"": ""2026-10-01"", ""raw_matchup_factor"": 1.1054, ""role_risk"": {""market_selected_side_probability"": 0.47852760736196315, ""prior_5_minutes"": 19.6, ""reasons"": [""recent_minutes_shift""], ""recent_3_minutes"": 28.67, ""review_required"": true, ""role_verified"": false}, ""sample_games"": 47, ""shrinkage_weight"": 0.8936, ""slate_season_type"": ""PLAYOFF"", ""source"": ""wnba_player_game_logs""}",0.4885,0.47852760736196315,0.9972392638036842,-0.0417884615384615,-104.0
Allisha Gray,ATL,WSH,AST,2.5,2.5652173913043477,2.6,2.7,8.0,OVER,46.0,0.619,29.5,LOW,104,-138,2026-09-30,3.5,165.5,2.727315689981096,0.4872,0.5128,0.0,1.0,2.0,2.0,4.0,5.5,deterministic_empirical_minutes_x_rate,wnba_empirical_minutes_rates_v2,30.974,,0.08887,unavailable_no_direct_evidence,unavailable_no_direct_evidence,HIGH,"{""applied_matchup_factor"": 0.9483, ""bounded_matchup_factor"": 0.9436, ""conversion_component"": {""reason"": ""no tracking-derived opportunities"", ""status"": ""unavailable_no_direct_evidence""}, ""matchup_sample"": 217, ""matchup_source"": ""position_dvp"", ""model_mean_definition"": ""mean of discrete empirical scenarios"", ""opportunity_component"": {""reason"": ""no tracking-derived opportunities"", ""status"": ""unavailable_no_direct_evidence""}, ""outcome_per_minute_is_box_score_derived"": true, ""playoff_games"": 1, ""playoff_weight_applied"": false, ""pregame_cutoff"": ""2026-09-30"", ""raw_matchup_factor"": 0.9436, ""role_risk"": {""market_selected_side_probability"": 0.4581151832460733, ""prior_5_minutes"": 30.6, ""reasons"": [], ""recent_3_minutes"": 33.33, ""review_required"": false, ""role_verified"": false}, ""sample_games"": 46, ""shrinkage_weight"": 0.9156, ""slate_season_type"": ""PLAYOFF"", ""source"": ""wnba_player_game_logs""}",0.4872,0.4581151832460733,2.908481675392671,-0.006112000000000006,104.0
Lexie Hull,IND,LV,3PM,0.5,0.7608695652173914,0.4,0.5,0.0,UNDER,48.0,1.182,29.3,LOW,-120,-110,2026-10-01,-3.5,180.5,0.527882797731569,0.4466,0.5534,0.0,0.0,0.0,0.0,1.0,1.0,deterministic_empirical_minutes_x_rate,wnba_empirical_minutes_rates_v2,17.584,,0.02866,unavailable_no_direct_evidence,unavailable_no_direct_evidence,HIGH,"{""applied_matchup_factor"": 0.9923, ""bounded_matchup_factor"": 0.9916, ""conversion_component"": {""reason"": ""no tracking-derived opportunities"", ""status"": ""unavailable_no_direct_evidence""}, ""matchup_sample"": 232, ""matchup_source"": ""position_dvp"", ""model_mean_definition"": ""mean of discrete empirical scenarios"", ""opportunity_component"": {""reason"": ""no tracking-derived opportunities"", ""status"": ""unavailable_no_direct_evidence""}, ""outcome_per_minute_is_box_score_derived"": true, ""playoff_games"": 2, ""playoff_weight_applied"": false, ""pregame_cutoff"": ""2026-10-01"", ""raw_matchup_factor"": 0.9916, ""role_risk"": {""market_selected_side_probability"": 0.48987854251012153, ""prior_5_minutes"": 17.2, ""reasons"": [], ""recent_3_minutes"": 20.33, ""review_required"": false, ""role_verified"": false}, ""sample_games"": 46, ""shrinkage_weight"": 0.9206, ""slate_season_type"": ""PLAYOFF"", ""source"": ""wnba_player_game_logs""}",0.5534,0.48987854251012153,6.352145748987848,0.056490909090909036,-110.0
Jackie Young,LV,IND,3PM,2.5,2.3617021276595747,2.4,2.3,-8.0,OVER,47.0,0.675,29.2,LOW,104,-138,2026-10-01,-3.5,180.5,2.2824807605251243,0.4925,0.5075,0.0,0.0,1.0,2.0,4.0,4.0,deterministic_empirical_minutes_x_rate,wnba_empirical_minutes_rates_v2,33.08,,0.07197,unavailable_no_direct_evidence,unavailable_no_direct_evidence,HIGH,"{""applied_matchup_factor"": 0.8933, ""bounded_matchup_factor"": 0.8836, ""conversion_component"": {""reason"": ""no tracking-derived opportunities"", ""status"": ""unavailable_no_direct_evidence""}, ""matchup_sample"": 220, ""matchup_source"": ""position_dvp"", ""model_mean_definition"": ""mean of discrete empirical scenarios"", ""opportunity_component"": {""reason"": ""no tracking-derived opportunities"", ""status"": ""unavailable_no_direct_evidence""}, ""outcome_per_minute_is_box_score_derived"": true, ""playoff_games"": 2, ""playoff_weight_applied"": false, ""pregame_cutoff"": ""2026-10-01"", ""raw_matchup_factor"": 0.8836, ""role_risk"": {""market_selected_side_probability"": 0.4581151832460733, ""prior_5_minutes"": 30.8, ""reasons"": [], ""recent_3_minutes"": 34.67, ""review_required"": false, ""role_verified"": false}, ""sample_games"": 47, ""shrinkage_weight"": 0.9167, ""slate_season_type"": ""PLAYOFF"", ""source"": ""wnba_player_game_logs""}",0.4925,0.4581151832460733,3.4384816753926684,0.0047000000000000375,104.0
Chelsea Gray,LV,IND,REB,3.5,3.282608695652174,3.4,3.4,-2.9,OVER,43.0,0.551,29.1,LOW,134,-180,2026-10-01,-3.5,180.5,3.390359168241966,0.4206,0.5794,0.0,1.0,2.0,3.0,4.0,6.0,deterministic_empirical_minutes_x_rate,wnba_empirical_minutes_rates_v2,33.428,,0.10243,unavailable_no_direct_evidence,unavailable_no_direct_evidence,HIGH,"{""applied_matchup_factor"": 0.9492, ""bounded_matchup_factor"": 0.9445, ""conversion_component"": {""reason"": ""no tracking-derived opportunities"", ""status"": ""unavailable_no_direct_evidence""}, ""matchup_sample"": 220, ""matchup_source"": ""position_dvp"", ""model_mean_definition"": ""mean of discrete empirical scenarios"", ""opportunity_component"": {""reason"": ""no tracking-derived opportunities"", ""status"": ""unavailable_no_direct_evidence""}, ""outcome_per_minute_is_box_score_derived"": true, ""playoff_games"": 2, ""playoff_weight_applied"": false, ""pregame_cutoff"": ""2026-10-01"", ""raw_matchup_factor"": 0.9445, ""role_risk"": {""market_selected_side_probability"": 0.3993154592127781, ""prior_5_minutes"": 29.0, ""reasons"": [""recent_minutes_shift""], ""recent_3_minutes"": 35.67, ""review_required"": true, ""role_verified"": false}, ""sample_games"": 46, ""shrinkage_weight"": 0.9167, ""slate_season_type"": ""PLAYOFF"", ""source"": ""wnba_player_game_logs""}",0.4206,0.3993154592127781,2.128454078722186,-0.015796000000000032,134.0
Cecilia Zandalasini,GS,DAL,3PM,1.5,1.368421052631579,1.8,1.5,0.0,UNDER,66.0,1.067,28.9,LOW,132,-178,2026-09-30,4.5,156.5,1.4764542936288088,0.3892,0.6108,0.0,0.0,0.0,1.0,2.0,4.0,deterministic_empirical_minutes_x_rate,wnba_empirical_minutes_rates_v2,18.499,,0.07953,unavailable_no_direct_evidence,unavailable_no_direct_evidence,HIGH,"{""applied_matchup_factor"": 0.9383, ""bounded_matchup_factor"": 0.9306, ""conversion_component"": {""reason"": ""no tracking-derived opportunities"", ""status"": ""unavailable_no_direct_evidence""}, ""matchup_sample"": 160, ""matchup_source"": ""position_dvp"", ""model_mean_definition"": ""mean of discrete empirical scenarios"", ""opportunity_component"": {""reason"": ""no tracking-derived opportunities"", ""status"": ""unavailable_no_direct_evidence""}, ""outcome_per_minute_is_box_score_derived"": true, ""playoff_games"": 1, ""playoff_weight_applied"": false, ""pregame_cutoff"": ""2026-09-30"", ""raw_matchup_factor"": 0.9306, ""role_risk"": {""market_selected_side_probability"": 0.5976612249623713, ""prior_5_minutes"": 22.8, ""reasons"": [""recent_minutes_shift""], ""recent_3_minutes"": 16.33, ""review_required"": true, ""role_verified"": false}, ""sample_games"": 38, ""shrinkage_weight"": 0.8889, ""slate_season_type"": ""PLAYOFF"", ""source"": ""wnba_player_game_logs""}",0.6108,0.5976612249623713,1.3138775037628725,-0.0460539325842696,-178.0
DeWanna Bonner,ATL,WSH,3PM,1.5,1.2093023255813953,1.4,1.3,-13.3,UNDER,58.0,0.912,28.0,LOW,144,-194,2026-09-30,3.5,165.5,1.251487290427258,0.3716,0.6284,0.0,0.0,0.0,1.0,2.0,3.0,deterministic_empirical_minutes_x_rate,wnba_empirical_minutes_rates_v2,23.75,,0.05303,unavailable_no_direct_evidence,unavailable_no_direct_evidence,HIGH,"{""applied_matchup_factor"": 0.9289, ""bounded_matchup_factor"": 0.9202, ""conversion_component"": {""reason"": ""no tracking-derived opportunities"", ""status"": ""unavailable_no_direct_evidence""}, ""matchup_sample"": 165, ""matchup_source"": ""position_dvp"", ""model_mean_definition"": ""mean of discrete empirical scenarios"", ""opportunity_component"": {""reason"": ""no tracking-derived opportunities"", ""status"": ""unavailable_no_direct_evidence""}, ""outcome_per_minute_is_box_score_derived"": true, ""playoff_games"": 1, ""playoff_weight_applied"": false, ""pregame_cutoff"": ""2026-09-30"", ""raw_matchup_factor"": 0.9202, ""role_risk"": {""market_selected_side_probability"": 0.6168682235195997, ""prior_5_minutes"": 22.4, ""reasons"": [], ""recent_3_minutes"": 25.67, ""review_required"": false, ""role_verified"": false}, ""sample_games"": 43, ""shrinkage_weight"": 0.8919, ""slate_season_type"": ""PLAYOFF"", ""source"": ""wnba_player_game_logs""}",0.6284,0.6168682235195997,1.1531776480400269,-0.04768247422680416,-194.0
Janelle Salaun,GS,DAL,3PM,1.5,2.292682926829268,1.4,1.7,13.3,UNDER,32.0,0.619,27.4,LOW,-132,100,2026-09-30,4.5,156.5,1.7412254610350981,0.5122,0.4878,0.0,1.0,1.0,2.0,2.0,3.0,deterministic_empirical_minutes_x_rate,wnba_empirical_minutes_rates_v2,20.32,,0.08447,unavailable_no_direct_evidence,unavailable_no_direct_evidence,HIGH,"{""applied_matchup_factor"": 0.9383, ""bounded_matchup_factor"": 0.9306, ""conversion_component"": {""reason"": ""no tracking-derived opportunities"", ""status"": ""unavailable_no_direct_evidence""}, ""matchup_sample"": 160, ""matchup_source"": ""position_dvp"", ""model_mean_definition"": ""mean of discrete empirical scenarios"", ""opportunity_component"": {""reason"": ""no tracking-derived opportunities"", ""status"": ""unavailable_no_direct_evidence""}, ""outcome_per_minute_is_box_score_derived"": true, ""playoff_games"": 1, ""playoff_weight_applied"": false, ""pregame_cutoff"": ""2026-09-30"", ""raw_matchup_factor"": 0.9306, ""role_risk"": {""market_selected_side_probability"": 0.4677419354838709, ""prior_5_minutes"": 23.0, ""reasons"": [], ""recent_3_minutes"": 18.0, ""review_required"": false, ""role_verified"": false}, ""sample_games"": 41, ""shrinkage_weight"": 0.8889, ""slate_season_type"": ""PLAYOFF"", ""source"": ""wnba_player_game_logs""}",0.4878,0.4677419354838709,2.0058064516129126,-0.024399999999999977,100.0
Chelsea Gray,LV,IND,3PM,1.5,1.673913043478261,1.4,1.5,0.0,UNDER,57.0,1.084,27.4,LOW,102,-136,2026-10-01,-3.5,180.5,1.5042533081285445,0.4135,0.5865,0.0,0.0,0.0,1.0,2.0,4.0,deterministic_empirical_minutes_x_rate,wnba_empirical_minutes_rates_v2,33.428,,0.04545,unavailable_no_direct_evidence,unavailable_no_direct_evidence,HIGH,"{""applied_matchup_factor"": 0.8933, ""bounded_matchup_factor"": 0.8836, ""conversion_component"": {""reason"": ""no tracking-derived opportunities"", ""status"": ""unavailable_no_direct_evidence""}, ""matchup_sample"": 220, ""matchup_source"": ""position_dvp"", ""model_mean_definition"": ""mean of discrete empirical scenarios"", ""opportunity_component"": {""reason"": ""no tracking-derived opportunities"", ""status"": ""unavailable_no_direct_evidence""}, ""outcome_per_minute_is_box_score_derived"": true, ""playoff_games"": 2, ""playoff_weight_applied"": false, ""pregame_cutoff"": ""2026-10-01"", ""raw_matchup_factor"": 0.8836, ""role_risk"": {""market_selected_side_probability"": 0.5379072681704261, ""prior_5_minutes"": 29.0, ""reasons"": [""recent_minutes_shift""], ""recent_3_minutes"": 35.67, ""review_required"": true, ""role_verified"": false}, ""sample_games"": 46, ""shrinkage_weight"": 0.9167, ""slate_season_type"": ""PLAYOFF"", ""source"": ""wnba_player_game_logs""}",0.5865,0.5379072681704261,4.859273182957391,0.017750000000000044,-136.0
Michaela Onyenwere,WSH,ATL,PTS,7.5,9.0,9.8,8.9,18.7,OVER,51.0,0.711,27.2,LOW,-128,-102,2026-09-30,3.5,165.5,8.943486020226056,0.5425,0.4575,0.0,2.0,4.0,8.0,13.0,17.0,deterministic_empirical_minutes_x_rate,wnba_empirical_minutes_rates_v2,23.501,,0.4019,unavailable_no_direct_evidence,unavailable_no_direct_evidence,HIGH,"{""applied_matchup_factor"": 0.9442, ""bounded_matchup_factor"": 0.9374, ""conversion_component"": {""reason"": ""no tracking-derived opportunities"", ""status"": ""unavailable_no_direct_evidence""}, ""matchup_sample"": 165, ""matchup_source"": ""position_dvp"", ""model_mean_definition"": ""mean of discrete empirical scenarios"", ""opportunity_component"": {""reason"": ""no tracking-derived opportunities"", ""status"": ""unavailable_no_direct_evidence""}, ""outcome_per_minute_is_box_score_derived"": true, ""playoff_games"": 1, ""playoff_weight_applied"": false, ""pregame_cutoff"": ""2026-09-30"", ""raw_matchup_factor"": 0.9374, ""role_risk"": {""market_selected_side_probability"": 0.5264701091382962, ""prior_5_minutes"": 20.2, ""reasons"": [], ""recent_3_minutes"": 23.0, ""review_required"": false, ""role_verified"": false}, ""sample_games"": 41, ""shrinkage_weight"": 0.8919, ""slate_season_type"": ""PLAYOFF"", ""source"": ""wnba_player_game_logs""}",0.5425,0.5264701091382962,1.602989086170381,-0.03367187500000002,-128.0
A'ja Wilson,LV,IND,AST,2.5,3.1136363636363638,2.8,2.8,12.0,UNDER,36.0,0.564,27.1,LOW,-178,132,2026-10-01,-3.5,180.5,2.833677685950413,0.5785,0.4215,0.0,1.0,2.0,3.0,4.0,4.0,deterministic_empirical_minutes_x_rate,wnba_empirical_minutes_rates_v2,32.611,,0.09042,unavailable_no_direct_evidence,unavailable_no_direct_evidence,HIGH,"{""applied_matchup_factor"": 0.8968, ""bounded_matchup_factor"": 0.8593, ""conversion_component"": {""reason"": ""no tracking-derived opportunities"", ""status"": ""unavailable_no_direct_evidence""}, ""matchup_sample"": 55, ""matchup_source"": ""position_dvp"", ""model_mean_definition"": ""mean of discrete empirical scenarios"", ""opportunity_component"": {""reason"": ""no tracking-derived opportunities"", ""status"": ""unavailable_no_direct_evidence""}, ""outcome_per_minute_is_box_score_derived"": true, ""playoff_games"": 2, ""playoff_weight_applied"": false, ""pregame_cutoff"": ""2026-10-01"", ""raw_matchup_factor"": 0.8593, ""role_risk"": {""market_selected_side_probability"": 0.4023387750376288, ""prior_5_minutes"": 30.2, ""reasons"": [], ""recent_3_minutes"": 34.67, ""review_required"": false, ""role_verified"": false}, ""sample_games"": 44, ""shrinkage_weight"": 0.7333, ""slate_season_type"": ""PLAYOFF"", ""source"": ""wnba_player_game_logs""}",0.4215,0.4023387750376288,1.916122496237116,-0.02212000000000003,132.0
Sonia Citron,WSH,ATL,AST,4.5,4.333333333333333,5.0,4.4,-2.2,OVER,38.0,0.543,26.7,LOW,122,-162,2026-09-30,3.5,165.5,4.401360544217687,0.4365,0.5635,0.0,2.0,3.0,4.0,6.0,8.0,deterministic_empirical_minutes_x_rate,wnba_empirical_minutes_rates_v2,31.97,,0.1494,unavailable_no_direct_evidence,unavailable_no_direct_evidence,HIGH,"{""applied_matchup_factor"": 0.9079, ""bounded_matchup_factor"": 0.8993, ""conversion_component"": {""reason"": ""no tracking-derived opportunities"", ""status"": ""unavailable_no_direct_evidence""}, ""matchup_sample"": 216, ""matchup_source"": ""position_dvp"", ""model_mean_definition"": ""mean of discrete empirical scenarios"", ""opportunity_component"": {""reason"": ""no tracking-derived opportunities"", ""status"": ""unavailable_no_direct_evidence""}, ""outcome_per_minute_is_box_score_derived"": true, ""playoff_games"": 1, ""playoff_weight_applied"": false, ""pregame_cutoff"": ""2026-09-30"", ""raw_matchup_factor"": 0.8993, ""role_risk"": {""market_selected_side_probability"": 0.421465800141561, ""prior_5_minutes"": 32.0, ""reasons"": [], ""recent_3_minutes"": 31.0, ""review_required"": false, ""role_verified"": false}, ""sample_games"": 42, ""shrinkage_weight"": 0.9153, ""slate_season_type"": ""PLAYOFF"", ""source"": ""wnba_player_game_logs""}",0.4365,0.421465800141561,1.5034199858439012,-0.030970000000000053,122.0
Cheyenne Parker-Tyus,LV,IND,PTS,5.5,5.617647058823529,6.0,6.0,9.1,UNDER,56.0,0.864,25.7,LOW,106,-138,2026-10-01,-3.5,180.5,6.033737024221454,0.4351,0.5649,0.0,0.0,1.0,5.0,10.0,14.0,deterministic_empirical_minutes_x_rate,wnba_empirical_minutes_rates_v2,13.431,,0.41222,unavailable_no_direct_evidence,unavailable_no_direct_evidence,HIGH,"{""applied_matchup_factor"": 1.0942, ""bounded_matchup_factor"": 1.1054, ""conversion_component"": {""reason"": ""no tracking-derived opportunities"", ""status"": ""unavailable_no_direct_evidence""}, ""matchup_sample"": 168, ""matchup_source"": ""position_dvp"", ""model_mean_definition"": ""mean of discrete empirical scenarios"", ""opportunity_component"": {""reason"": ""no tracking-derived opportunities"", ""status"": ""unavailable_no_direct_evidence""}, ""outcome_per_minute_is_box_score_derived"": true, ""playoff_games"": 2, ""playoff_weight_applied"": false, ""pregame_cutoff"": ""2026-10-01"", ""raw_matchup_factor"": 1.1054, ""role_risk"": {""market_selected_side_probability"": 0.5443057363866126, ""prior_5_minutes"": 15.0, ""reasons"": [], ""recent_3_minutes"": 13.67, ""review_required"": false, ""role_verified"": false}, ""sample_games"": 34, ""shrinkage_weight"": 0.8936, ""slate_season_type"": ""PLAYOFF"", ""source"": ""wnba_player_game_logs""}",0.5649,0.5443057363866126,2.0594263613387342,-0.02575217391304352,-138.0
Kayla Thornton,GS,DAL,PTS,7.5,7.777777777777778,7.4,7.7,2.7,UNDER,49.0,0.771,24.7,LOW,-113,-118,2026-09-30,4.5,156.5,7.66320987654321,0.4815,0.5185,0.0,0.0,3.0,7.0,12.0,16.0,deterministic_empirical_minutes_x_rate,wnba_empirical_minutes_rates_v2,24.662,,0.31086,unavailable_no_direct_evidence,unavailable_no_direct_evidence,HIGH,"{""applied_matchup_factor"": 1.0008, ""bounded_matchup_factor"": 1.0008, ""conversion_component"": {""reason"": ""no tracking-derived opportunities"", ""status"": ""unavailable_no_direct_evidence""}, ""matchup_sample"": 160, ""matchup_source"": ""position_dvp"", ""model_mean_definition"": ""mean of discrete empirical scenarios"", ""opportunity_component"": {""reason"": ""no tracking-derived opportunities"", ""status"": ""unavailable_no_direct_evidence""}, ""outcome_per_minute_is_box_score_derived"": true, ""playoff_games"": 1, ""playoff_weight_applied"": false, ""pregame_cutoff"": ""2026-09-30"", ""raw_matchup_factor"": 1.0008, ""role_risk"": {""market_selected_side_probability"": 0.5050233081498151, ""prior_5_minutes"": 23.6, ""reasons"": [], ""recent_3_minutes"": 23.33, ""review_required"": false, ""role_verified"": false}, ""sample_games"": 45, ""shrinkage_weight"": 0.8889, ""slate_season_type"": ""PLAYOFF"", ""source"": ""wnba_player_game_logs""}",0.5185,0.5050233081498151,1.3476691850184852,-0.042093220338983106,-118.0
Maddy Siegrist,DAL,GS,3PM,0.5,0.8571428571428571,1.6,1.3,160.0,UNDER,38.0,0.949,24.3,LOW,-225,164,2026-09-30,4.5,156.5,1.2828798185941044,0.6032,0.3968,0.0,0.0,0.0,1.0,2.0,3.0,deterministic_empirical_minutes_x_rate,wnba_empirical_minutes_rates_v2,18.221,,0.07117,unavailable_no_direct_evidence,unavailable_no_direct_evidence,HIGH,"{""applied_matchup_factor"": 0.8924, ""bounded_matchup_factor"": 0.879, ""conversion_component"": {""reason"": ""no tracking-derived opportunities"", ""status"": ""unavailable_no_direct_evidence""}, ""matchup_sample"": 161, ""matchup_source"": ""position_dvp"", ""model_mean_definition"": ""mean of discrete empirical scenarios"", ""opportunity_component"": {""reason"": ""no tracking-derived opportunities"", ""status"": ""unavailable_no_direct_evidence""}, ""outcome_per_minute_is_box_score_derived"": true, ""playoff_games"": 1, ""playoff_weight_applied"": false, ""pregame_cutoff"": ""2026-09-30"", ""raw_matchup_factor"": 0.879, ""role_risk"": {""market_selected_side_probability"": 0.3536452665941241, ""prior_5_minutes"": 18.2, ""reasons"": [], ""recent_3_minutes"": 22.67, ""review_required"": false, ""role_verified"": false}, ""sample_games"": 42, ""shrinkage_weight"": 0.8895, ""slate_season_type"": ""PLAYOFF"", ""source"": ""wnba_player_game_logs""}",0.3968,0.3536452665941241,4.315473340587589,0.04755199999999993,164.0
Georgia Amoore,WSH,ATL,3PM,1.5,1.5555555555555556,2.8,2.2,46.7,OVER,42.0,0.945,17.9,LOW,-158,118,2026-09-30,3.5,165.5,2.2128395061728394,0.5852,0.4148,0.0,0.0,0.0,2.0,4.0,5.0,deterministic_empirical_minutes_x_rate,wnba_empirical_minutes_rates_v2,23.542,,0.0963,unavailable_no_direct_evidence,unavailable_no_direct_evidence,HIGH,"{""applied_matchup_factor"": 0.9084, ""bounded_matchup_factor"": 0.8999, ""conversion_component"": {""reason"": ""no tracking-derived opportunities"", ""status"": ""unavailable_no_direct_evidence""}, ""matchup_sample"": 216, ""matchup_source"": ""position_dvp"", ""model_mean_definition"": ""mean of discrete empirical scenarios"", ""opportunity_component"": {""reason"": ""no tracking-derived opportunities"", ""status"": ""unavailable_no_direct_evidence""}, ""outcome_per_minute_is_box_score_derived"": true, ""playoff_games"": 1, ""playoff_weight_applied"": false, ""pregame_cutoff"": ""2026-09-30"", ""raw_matchup_factor"": 0.8999, ""role_risk"": {""market_selected_side_probability"": 0.571741584224155, ""prior_5_minutes"": 25.6, ""reasons"": [], ""recent_3_minutes"": 24.33, ""review_required"": false, ""role_verified"": false}, ""sample_games"": 45, ""shrinkage_weight"": 0.9153, ""slate_season_type"": ""PLAYOFF"", ""source"": ""wnba_player_game_logs""}",0.5852,0.571741584224155,1.3458415775845056,-0.04442025316455689,-158.0
Aliyah Boston,IND,LV,3PM,0.5,1.069767441860465,0.8,0.9,80.0,UNDER,35.0,0.965,17.6,LOW,-225,164,2026-10-01,-3.5,180.5,0.8880475932936722,0.6128,0.3872,0.0,0.0,0.0,1.0,1.0,2.0,deterministic_empirical_minutes_x_rate,wnba_empirical_minutes_rates_v2,24.682,,0.03416,unavailable_no_direct_evidence,unavailable_no_direct_evidence,HIGH,"{""applied_matchup_factor"": 1.0417, ""bounded_matchup_factor"": 1.0558, ""conversion_component"": {""reason"": ""no tracking-derived opportunities"", ""status"": ""unavailable_no_direct_evidence""}, ""matchup_sample"": 59, ""matchup_source"": ""position_dvp"", ""model_mean_definition"": ""mean of discrete empirical scenarios"", ""opportunity_component"": {""reason"": ""no tracking-derived opportunities"", ""status"": ""unavailable_no_direct_evidence""}, ""outcome_per_minute_is_box_score_derived"": true, ""playoff_games"": 2, ""playoff_weight_applied"": false, ""pregame_cutoff"": ""2026-10-01"", ""raw_matchup_factor"": 1.0558, ""role_risk"": {""market_selected_side_probability"": 0.3536452665941241, ""prior_5_minutes"": 26.4, ""reasons"": [], ""recent_3_minutes"": 22.67, ""review_required"": false, ""role_verified"": false}, ""sample_games"": 43, ""shrinkage_weight"": 0.7468, ""slate_season_type"": ""PLAYOFF"", ""source"": ""wnba_player_game_logs""}",0.3872,0.3536452665941241,3.355473340587589,0.022207999999999894,164.0
Kayla Thornton,GS,DAL,3PM,1.5,1.511111111111111,1.4,1.5,0.0,OVER,44.0,0.994,15.7,LOW,112,-148,2026-09-30,4.5,156.5,1.4661728395061728,0.4425,0.5575,0.0,0.0,0.0,1.0,2.0,4.0,deterministic_empirical_minutes_x_rate,wnba_empirical_minutes_rates_v2,24.662,,0.05937,unavailable_no_direct_evidence,unavailable_no_direct_evidence,HIGH,"{""applied_matchup_factor"": 0.9383, ""bounded_matchup_factor"": 0.9306, ""conversion_component"": {""reason"": ""no tracking-derived opportunities"", ""status"": ""unavailable_no_direct_evidence""}, ""matchup_sample"": 160, ""matchup_source"": ""position_dvp"", ""model_mean_definition"": ""mean of discrete empirical scenarios"", ""opportunity_component"": {""reason"": ""no tracking-derived opportunities"", ""status"": ""unavailable_no_direct_evidence""}, ""outcome_per_minute_is_box_score_derived"": true, ""playoff_games"": 1, ""playoff_weight_applied"": false, ""pregame_cutoff"": ""2026-09-30"", ""raw_matchup_factor"": 0.9306, ""role_risk"": {""market_selected_side_probability"": 0.44146966676160637, ""prior_5_minutes"": 23.6, ""reasons"": [], ""recent_3_minutes"": 23.33, ""review_required"": false, ""role_verified"": false}, ""sample_games"": 45, ""shrinkage_weight"": 0.8889, ""slate_season_type"": ""PLAYOFF"", ""source"": ""wnba_player_game_logs""}",0.4425,0.44146966676160637,0.10303332383936326,-0.061899999999999955,112.0
